"country_from","country_to","has_same_ethnicity"
"AD","AL",FALSE
"AM","AL",FALSE
"AU","AL",TRUE
"AT","AL",FALSE
"AZ","AL",FALSE
"BY","AL",FALSE
"BE","AL",FALSE
"BG","AL",TRUE
"HR","AL",TRUE
"CY","AL",TRUE
"DK","AL",FALSE
"EE","AL",FALSE
"FI","AL",TRUE
"FR","AL",FALSE
"GE","AL",TRUE
"DE","AL",FALSE
"GR","AL",TRUE
"HU","AL",TRUE
"IS","AL",FALSE
"IE","AL",FALSE
"IL","AL",FALSE
"IT","AL",FALSE
"LV","AL",FALSE
"LT","AL",FALSE
"LU","AL",FALSE
"MT","AL",FALSE
"MD","AL",FALSE
"MC","AL",FALSE
"ME","AL",TRUE
"MA","AL",FALSE
"NL","AL",FALSE
"MK","AL",TRUE
"NO","AL",FALSE
"PL","AL",FALSE
"PT","AL",FALSE
"RO","AL",TRUE
"RU","AL",FALSE
"SM","AL",FALSE
"RS","AL",TRUE
"SK","AL",TRUE
"SI","AL",FALSE
"ES","AL",FALSE
"SE","AL",FALSE
"CH","AL",FALSE
"UA","AL",FALSE
"GB","AL",FALSE
"AL","AD",FALSE
"AM","AD",FALSE
"AU","AD",FALSE
"AT","AD",FALSE
"AZ","AD",FALSE
"BY","AD",FALSE
"BE","AD",TRUE
"BG","AD",FALSE
"HR","AD",FALSE
"CY","AD",FALSE
"DK","AD",FALSE
"EE","AD",FALSE
"FI","AD",FALSE
"FR","AD",FALSE
"GE","AD",FALSE
"DE","AD",FALSE
"GR","AD",FALSE
"HU","AD",FALSE
"IS","AD",FALSE
"IE","AD",FALSE
"IL","AD",FALSE
"IT","AD",TRUE
"LV","AD",FALSE
"LT","AD",FALSE
"LU","AD",TRUE
"MT","AD",FALSE
"MD","AD",FALSE
"MC","AD",TRUE
"ME","AD",FALSE
"MA","AD",FALSE
"NL","AD",FALSE
"MK","AD",FALSE
"NO","AD",FALSE
"PL","AD",FALSE
"PT","AD",TRUE
"RO","AD",FALSE
"RU","AD",FALSE
"SM","AD",FALSE
"RS","AD",FALSE
"SK","AD",FALSE
"SI","AD",FALSE
"ES","AD",TRUE
"SE","AD",FALSE
"CH","AD",TRUE
"UA","AD",FALSE
"GB","AD",FALSE
"AL","AM",FALSE
"AD","AM",FALSE
"AU","AM",FALSE
"AT","AM",FALSE
"AZ","AM",TRUE
"BY","AM",FALSE
"BE","AM",FALSE
"BG","AM",TRUE
"HR","AM",FALSE
"CY","AM",TRUE
"DK","AM",FALSE
"EE","AM",FALSE
"FI","AM",FALSE
"FR","AM",FALSE
"GE","AM",TRUE
"DE","AM",FALSE
"GR","AM",FALSE
"HU","AM",FALSE
"IS","AM",FALSE
"IE","AM",FALSE
"IL","AM",FALSE
"IT","AM",FALSE
"LV","AM",FALSE
"LT","AM",FALSE
"LU","AM",FALSE
"MT","AM",FALSE
"MD","AM",FALSE
"MC","AM",FALSE
"ME","AM",FALSE
"MA","AM",FALSE
"NL","AM",FALSE
"MK","AM",FALSE
"NO","AM",FALSE
"PL","AM",FALSE
"PT","AM",FALSE
"RO","AM",FALSE
"RU","AM",FALSE
"SM","AM",FALSE
"RS","AM",FALSE
"SK","AM",FALSE
"SI","AM",FALSE
"ES","AM",FALSE
"SE","AM",FALSE
"CH","AM",FALSE
"UA","AM",FALSE
"GB","AM",FALSE
"AL","AU",TRUE
"AD","AU",FALSE
"AM","AU",FALSE
"AT","AU",TRUE
"AZ","AU",FALSE
"BY","AU",FALSE
"BE","AU",TRUE
"BG","AU",FALSE
"HR","AU",FALSE
"CY","AU",TRUE
"DK","AU",TRUE
"EE","AU",FALSE
"FI","AU",FALSE
"FR","AU",TRUE
"GE","AU",TRUE
"DE","AU",TRUE
"GR","AU",TRUE
"HU","AU",TRUE
"IS","AU",FALSE
"IE","AU",TRUE
"IL","AU",FALSE
"IT","AU",TRUE
"LV","AU",FALSE
"LT","AU",FALSE
"LU","AU",TRUE
"MT","AU",TRUE
"MD","AU",FALSE
"MC","AU",TRUE
"ME","AU",FALSE
"MA","AU",FALSE
"NL","AU",FALSE
"MK","AU",FALSE
"NO","AU",FALSE
"PL","AU",TRUE
"PT","AU",TRUE
"RO","AU",TRUE
"RU","AU",FALSE
"SM","AU",TRUE
"RS","AU",FALSE
"SK","AU",TRUE
"SI","AU",FALSE
"ES","AU",FALSE
"SE","AU",FALSE
"CH","AU",TRUE
"UA","AU",FALSE
"GB","AU",TRUE
"AL","AT",FALSE
"AD","AT",FALSE
"AM","AT",FALSE
"AU","AT",TRUE
"AZ","AT",FALSE
"BY","AT",FALSE
"BE","AT",TRUE
"BG","AT",TRUE
"HR","AT",FALSE
"CY","AT",FALSE
"DK","AT",TRUE
"EE","AT",FALSE
"FI","AT",FALSE
"FR","AT",FALSE
"GE","AT",FALSE
"DE","AT",TRUE
"GR","AT",FALSE
"HU","AT",TRUE
"IS","AT",FALSE
"IE","AT",FALSE
"IL","AT",FALSE
"IT","AT",TRUE
"LV","AT",FALSE
"LT","AT",FALSE
"LU","AT",TRUE
"MT","AT",FALSE
"MD","AT",TRUE
"MC","AT",TRUE
"ME","AT",TRUE
"MA","AT",FALSE
"NL","AT",TRUE
"MK","AT",TRUE
"NO","AT",FALSE
"PL","AT",TRUE
"PT","AT",FALSE
"RO","AT",TRUE
"RU","AT",FALSE
"SM","AT",FALSE
"RS","AT",FALSE
"SK","AT",TRUE
"SI","AT",FALSE
"ES","AT",TRUE
"SE","AT",FALSE
"CH","AT",TRUE
"UA","AT",TRUE
"GB","AT",FALSE
"AL","AZ",FALSE
"AD","AZ",FALSE
"AM","AZ",TRUE
"AU","AZ",FALSE
"AT","AZ",FALSE
"BY","AZ",TRUE
"BE","AZ",FALSE
"BG","AZ",TRUE
"HR","AZ",FALSE
"CY","AZ",TRUE
"DK","AZ",FALSE
"EE","AZ",TRUE
"FI","AZ",TRUE
"FR","AZ",FALSE
"GE","AZ",TRUE
"DE","AZ",FALSE
"GR","AZ",FALSE
"HU","AZ",FALSE
"IS","AZ",FALSE
"IE","AZ",FALSE
"IL","AZ",FALSE
"IT","AZ",FALSE
"LV","AZ",TRUE
"LT","AZ",TRUE
"LU","AZ",FALSE
"MT","AZ",FALSE
"MD","AZ",TRUE
"MC","AZ",TRUE
"ME","AZ",FALSE
"MA","AZ",FALSE
"NL","AZ",FALSE
"MK","AZ",FALSE
"NO","AZ",FALSE
"PL","AZ",FALSE
"PT","AZ",FALSE
"RO","AZ",FALSE
"RU","AZ",TRUE
"SM","AZ",FALSE
"RS","AZ",FALSE
"SK","AZ",TRUE
"SI","AZ",FALSE
"ES","AZ",FALSE
"SE","AZ",FALSE
"CH","AZ",FALSE
"UA","AZ",TRUE
"GB","AZ",FALSE
"AL","BY",FALSE
"AD","BY",FALSE
"AM","BY",FALSE
"AU","BY",FALSE
"AT","BY",FALSE
"AZ","BY",TRUE
"BE","BY",FALSE
"BG","BY",TRUE
"HR","BY",FALSE
"CY","BY",FALSE
"DK","BY",TRUE
"EE","BY",TRUE
"FI","BY",TRUE
"FR","BY",FALSE
"GE","BY",TRUE
"DE","BY",TRUE
"GR","BY",FALSE
"HU","BY",FALSE
"IS","BY",TRUE
"IE","BY",FALSE
"IL","BY",FALSE
"IT","BY",FALSE
"LV","BY",TRUE
"LT","BY",TRUE
"LU","BY",FALSE
"MT","BY",FALSE
"MD","BY",TRUE
"MC","BY",TRUE
"ME","BY",FALSE
"MA","BY",FALSE
"NL","BY",FALSE
"MK","BY",FALSE
"NO","BY",FALSE
"PL","BY",TRUE
"PT","BY",FALSE
"RO","BY",TRUE
"RU","BY",TRUE
"SM","BY",FALSE
"RS","BY",FALSE
"SK","BY",TRUE
"SI","BY",FALSE
"ES","BY",FALSE
"SE","BY",FALSE
"CH","BY",FALSE
"UA","BY",TRUE
"GB","BY",FALSE
"AL","BE",FALSE
"AD","BE",TRUE
"AM","BE",FALSE
"AU","BE",TRUE
"AT","BE",TRUE
"AZ","BE",FALSE
"BY","BE",FALSE
"BG","BE",TRUE
"HR","BE",FALSE
"CY","BE",FALSE
"DK","BE",TRUE
"EE","BE",FALSE
"FI","BE",FALSE
"FR","BE",TRUE
"GE","BE",FALSE
"DE","BE",TRUE
"GR","BE",FALSE
"HU","BE",FALSE
"IS","BE",FALSE
"IE","BE",FALSE
"IL","BE",FALSE
"IT","BE",TRUE
"LV","BE",FALSE
"LT","BE",FALSE
"LU","BE",TRUE
"MT","BE",TRUE
"MD","BE",FALSE
"MC","BE",TRUE
"ME","BE",FALSE
"MA","BE",FALSE
"NL","BE",TRUE
"MK","BE",TRUE
"NO","BE",FALSE
"PL","BE",FALSE
"PT","BE",FALSE
"RO","BE",FALSE
"RU","BE",FALSE
"SM","BE",TRUE
"RS","BE",FALSE
"SK","BE",FALSE
"SI","BE",FALSE
"ES","BE",TRUE
"SE","BE",FALSE
"CH","BE",TRUE
"UA","BE",FALSE
"GB","BE",FALSE
"AL","BG",TRUE
"AD","BG",FALSE
"AM","BG",TRUE
"AU","BG",FALSE
"AT","BG",TRUE
"AZ","BG",TRUE
"BY","BG",TRUE
"BE","BG",TRUE
"HR","BG",TRUE
"CY","BG",TRUE
"DK","BG",TRUE
"EE","BG",TRUE
"FI","BG",TRUE
"FR","BG",FALSE
"GE","BG",TRUE
"DE","BG",TRUE
"GR","BG",FALSE
"HU","BG",TRUE
"IS","BG",FALSE
"IE","BG",FALSE
"IL","BG",FALSE
"IT","BG",FALSE
"LV","BG",TRUE
"LT","BG",TRUE
"LU","BG",FALSE
"MT","BG",FALSE
"MD","BG",TRUE
"MC","BG",TRUE
"ME","BG",TRUE
"MA","BG",FALSE
"NL","BG",TRUE
"MK","BG",TRUE
"NO","BG",FALSE
"PL","BG",FALSE
"PT","BG",FALSE
"RO","BG",TRUE
"RU","BG",TRUE
"SM","BG",FALSE
"RS","BG",TRUE
"SK","BG",TRUE
"SI","BG",FALSE
"ES","BG",FALSE
"SE","BG",FALSE
"CH","BG",TRUE
"UA","BG",TRUE
"GB","BG",FALSE
"AL","HR",TRUE
"AD","HR",FALSE
"AM","HR",FALSE
"AU","HR",FALSE
"AT","HR",FALSE
"AZ","HR",FALSE
"BY","HR",FALSE
"BE","HR",FALSE
"BG","HR",TRUE
"CY","HR",FALSE
"DK","HR",FALSE
"EE","HR",FALSE
"FI","HR",TRUE
"FR","HR",FALSE
"GE","HR",FALSE
"DE","HR",FALSE
"GR","HR",FALSE
"HU","HR",TRUE
"IS","HR",FALSE
"IE","HR",FALSE
"IL","HR",FALSE
"IT","HR",FALSE
"LV","HR",FALSE
"LT","HR",FALSE
"LU","HR",FALSE
"MT","HR",FALSE
"MD","HR",FALSE
"MC","HR",FALSE
"ME","HR",TRUE
"MA","HR",FALSE
"NL","HR",FALSE
"MK","HR",TRUE
"NO","HR",FALSE
"PL","HR",FALSE
"PT","HR",FALSE
"RO","HR",TRUE
"RU","HR",FALSE
"SM","HR",FALSE
"RS","HR",TRUE
"SK","HR",TRUE
"SI","HR",TRUE
"ES","HR",FALSE
"SE","HR",FALSE
"CH","HR",FALSE
"UA","HR",TRUE
"GB","HR",FALSE
"AL","CY",TRUE
"AD","CY",FALSE
"AM","CY",TRUE
"AU","CY",TRUE
"AT","CY",FALSE
"AZ","CY",TRUE
"BY","CY",FALSE
"BE","CY",FALSE
"BG","CY",TRUE
"HR","CY",FALSE
"DK","CY",FALSE
"EE","CY",FALSE
"FI","CY",FALSE
"FR","CY",FALSE
"GE","CY",TRUE
"DE","CY",FALSE
"GR","CY",TRUE
"HU","CY",FALSE
"IS","CY",FALSE
"IE","CY",FALSE
"IL","CY",FALSE
"IT","CY",FALSE
"LV","CY",FALSE
"LT","CY",FALSE
"LU","CY",FALSE
"MT","CY",FALSE
"MD","CY",FALSE
"MC","CY",FALSE
"ME","CY",FALSE
"MA","CY",FALSE
"NL","CY",FALSE
"MK","CY",FALSE
"NO","CY",FALSE
"PL","CY",FALSE
"PT","CY",FALSE
"RO","CY",FALSE
"RU","CY",FALSE
"SM","CY",FALSE
"RS","CY",FALSE
"SK","CY",FALSE
"SI","CY",FALSE
"ES","CY",FALSE
"SE","CY",FALSE
"CH","CY",FALSE
"UA","CY",FALSE
"GB","CY",FALSE
"AL","DK",FALSE
"AD","DK",FALSE
"AM","DK",FALSE
"AU","DK",TRUE
"AT","DK",TRUE
"AZ","DK",FALSE
"BY","DK",TRUE
"BE","DK",TRUE
"BG","DK",TRUE
"HR","DK",FALSE
"CY","DK",FALSE
"EE","DK",FALSE
"FI","DK",FALSE
"FR","DK",FALSE
"GE","DK",FALSE
"DE","DK",TRUE
"GR","DK",FALSE
"HU","DK",TRUE
"IS","DK",TRUE
"IE","DK",FALSE
"IL","DK",FALSE
"IT","DK",TRUE
"LV","DK",TRUE
"LT","DK",TRUE
"LU","DK",TRUE
"MT","DK",FALSE
"MD","DK",TRUE
"MC","DK",TRUE
"ME","DK",FALSE
"MA","DK",FALSE
"NL","DK",TRUE
"MK","DK",TRUE
"NO","DK",FALSE
"PL","DK",TRUE
"PT","DK",FALSE
"RO","DK",TRUE
"RU","DK",FALSE
"SM","DK",FALSE
"RS","DK",FALSE
"SK","DK",TRUE
"SI","DK",FALSE
"ES","DK",TRUE
"SE","DK",TRUE
"CH","DK",TRUE
"UA","DK",TRUE
"GB","DK",FALSE
"AL","EE",FALSE
"AD","EE",FALSE
"AM","EE",FALSE
"AU","EE",FALSE
"AT","EE",FALSE
"AZ","EE",TRUE
"BY","EE",TRUE
"BE","EE",FALSE
"BG","EE",TRUE
"HR","EE",FALSE
"CY","EE",FALSE
"DK","EE",FALSE
"FI","EE",TRUE
"FR","EE",FALSE
"GE","EE",TRUE
"DE","EE",FALSE
"GR","EE",FALSE
"HU","EE",FALSE
"IS","EE",FALSE
"IE","EE",FALSE
"IL","EE",FALSE
"IT","EE",FALSE
"LV","EE",TRUE
"LT","EE",TRUE
"LU","EE",FALSE
"MT","EE",FALSE
"MD","EE",TRUE
"MC","EE",TRUE
"ME","EE",FALSE
"MA","EE",FALSE
"NL","EE",FALSE
"MK","EE",FALSE
"NO","EE",FALSE
"PL","EE",TRUE
"PT","EE",FALSE
"RO","EE",TRUE
"RU","EE",TRUE
"SM","EE",FALSE
"RS","EE",FALSE
"SK","EE",TRUE
"SI","EE",FALSE
"ES","EE",FALSE
"SE","EE",FALSE
"CH","EE",FALSE
"UA","EE",TRUE
"GB","EE",FALSE
"AL","FI",TRUE
"AD","FI",FALSE
"AM","FI",FALSE
"AU","FI",FALSE
"AT","FI",FALSE
"AZ","FI",TRUE
"BY","FI",TRUE
"BE","FI",FALSE
"BG","FI",TRUE
"HR","FI",TRUE
"CY","FI",FALSE
"DK","FI",FALSE
"EE","FI",TRUE
"FR","FI",FALSE
"GE","FI",TRUE
"DE","FI",FALSE
"GR","FI",FALSE
"HU","FI",TRUE
"IS","FI",FALSE
"IE","FI",FALSE
"IL","FI",FALSE
"IT","FI",FALSE
"LV","FI",TRUE
"LT","FI",TRUE
"LU","FI",FALSE
"MT","FI",FALSE
"MD","FI",TRUE
"MC","FI",TRUE
"ME","FI",TRUE
"MA","FI",FALSE
"NL","FI",FALSE
"MK","FI",TRUE
"NO","FI",FALSE
"PL","FI",FALSE
"PT","FI",FALSE
"RO","FI",TRUE
"RU","FI",TRUE
"SM","FI",FALSE
"RS","FI",TRUE
"SK","FI",TRUE
"SI","FI",FALSE
"ES","FI",FALSE
"SE","FI",TRUE
"CH","FI",FALSE
"UA","FI",TRUE
"GB","FI",FALSE
"AL","FR",FALSE
"AD","FR",FALSE
"AM","FR",FALSE
"AU","FR",TRUE
"AT","FR",FALSE
"AZ","FR",FALSE
"BY","FR",FALSE
"BE","FR",TRUE
"BG","FR",FALSE
"HR","FR",FALSE
"CY","FR",FALSE
"DK","FR",FALSE
"EE","FR",FALSE
"FI","FR",FALSE
"GE","FR",FALSE
"DE","FR",FALSE
"GR","FR",FALSE
"HU","FR",FALSE
"IS","FR",FALSE
"IE","FR",TRUE
"IL","FR",FALSE
"IT","FR",FALSE
"LV","FR",FALSE
"LT","FR",FALSE
"LU","FR",FALSE
"MT","FR",FALSE
"MD","FR",FALSE
"MC","FR",TRUE
"ME","FR",FALSE
"MA","FR",FALSE
"NL","FR",TRUE
"MK","FR",FALSE
"NO","FR",FALSE
"PL","FR",FALSE
"PT","FR",TRUE
"RO","FR",FALSE
"RU","FR",FALSE
"SM","FR",FALSE
"RS","FR",FALSE
"SK","FR",FALSE
"SI","FR",FALSE
"ES","FR",TRUE
"SE","FR",FALSE
"CH","FR",FALSE
"UA","FR",FALSE
"GB","FR",TRUE
"AL","GE",TRUE
"AD","GE",FALSE
"AM","GE",TRUE
"AU","GE",TRUE
"AT","GE",FALSE
"AZ","GE",TRUE
"BY","GE",TRUE
"BE","GE",FALSE
"BG","GE",TRUE
"HR","GE",FALSE
"CY","GE",TRUE
"DK","GE",FALSE
"EE","GE",TRUE
"FI","GE",TRUE
"FR","GE",FALSE
"DE","GE",FALSE
"GR","GE",TRUE
"HU","GE",FALSE
"IS","GE",FALSE
"IE","GE",FALSE
"IL","GE",FALSE
"IT","GE",FALSE
"LV","GE",TRUE
"LT","GE",TRUE
"LU","GE",FALSE
"MT","GE",FALSE
"MD","GE",TRUE
"MC","GE",TRUE
"ME","GE",FALSE
"MA","GE",FALSE
"NL","GE",FALSE
"MK","GE",FALSE
"NO","GE",FALSE
"PL","GE",TRUE
"PT","GE",FALSE
"RO","GE",TRUE
"RU","GE",TRUE
"SM","GE",FALSE
"RS","GE",FALSE
"SK","GE",TRUE
"SI","GE",FALSE
"ES","GE",FALSE
"SE","GE",FALSE
"CH","GE",FALSE
"UA","GE",TRUE
"GB","GE",FALSE
"AL","DE",FALSE
"AD","DE",FALSE
"AM","DE",FALSE
"AU","DE",TRUE
"AT","DE",TRUE
"AZ","DE",FALSE
"BY","DE",TRUE
"BE","DE",TRUE
"BG","DE",TRUE
"HR","DE",FALSE
"CY","DE",FALSE
"DK","DE",TRUE
"EE","DE",FALSE
"FI","DE",FALSE
"FR","DE",FALSE
"GE","DE",FALSE
"GR","DE",FALSE
"HU","DE",TRUE
"IS","DE",TRUE
"IE","DE",FALSE
"IL","DE",FALSE
"IT","DE",TRUE
"LV","DE",TRUE
"LT","DE",TRUE
"LU","DE",TRUE
"MT","DE",FALSE
"MD","DE",TRUE
"MC","DE",TRUE
"ME","DE",FALSE
"MA","DE",FALSE
"NL","DE",TRUE
"MK","DE",TRUE
"NO","DE",FALSE
"PL","DE",TRUE
"PT","DE",FALSE
"RO","DE",TRUE
"RU","DE",FALSE
"SM","DE",FALSE
"RS","DE",FALSE
"SK","DE",TRUE
"SI","DE",FALSE
"ES","DE",TRUE
"SE","DE",TRUE
"CH","DE",TRUE
"UA","DE",TRUE
"GB","DE",FALSE
"AL","GR",TRUE
"AD","GR",FALSE
"AM","GR",FALSE
"AU","GR",TRUE
"AT","GR",FALSE
"AZ","GR",FALSE
"BY","GR",FALSE
"BE","GR",FALSE
"BG","GR",FALSE
"HR","GR",FALSE
"CY","GR",TRUE
"DK","GR",FALSE
"EE","GR",FALSE
"FI","GR",FALSE
"FR","GR",FALSE
"GE","GR",TRUE
"DE","GR",FALSE
"HU","GR",FALSE
"IS","GR",FALSE
"IE","GR",FALSE
"IL","GR",FALSE
"IT","GR",FALSE
"LV","GR",FALSE
"LT","GR",FALSE
"LU","GR",FALSE
"MT","GR",FALSE
"MD","GR",FALSE
"MC","GR",FALSE
"ME","GR",TRUE
"MA","GR",FALSE
"NL","GR",FALSE
"MK","GR",TRUE
"NO","GR",FALSE
"PL","GR",FALSE
"PT","GR",FALSE
"RO","GR",FALSE
"RU","GR",FALSE
"SM","GR",FALSE
"RS","GR",FALSE
"SK","GR",FALSE
"SI","GR",FALSE
"ES","GR",FALSE
"SE","GR",FALSE
"CH","GR",FALSE
"UA","GR",FALSE
"GB","GR",FALSE
"AL","HU",TRUE
"AD","HU",FALSE
"AM","HU",FALSE
"AU","HU",TRUE
"AT","HU",TRUE
"AZ","HU",FALSE
"BY","HU",FALSE
"BE","HU",FALSE
"BG","HU",TRUE
"HR","HU",TRUE
"CY","HU",FALSE
"DK","HU",TRUE
"EE","HU",FALSE
"FI","HU",TRUE
"FR","HU",FALSE
"GE","HU",FALSE
"DE","HU",TRUE
"GR","HU",FALSE
"IS","HU",FALSE
"IE","HU",FALSE
"IL","HU",FALSE
"IT","HU",TRUE
"LV","HU",FALSE
"LT","HU",FALSE
"LU","HU",TRUE
"MT","HU",FALSE
"MD","HU",FALSE
"MC","HU",TRUE
"ME","HU",TRUE
"MA","HU",FALSE
"NL","HU",FALSE
"MK","HU",TRUE
"NO","HU",FALSE
"PL","HU",TRUE
"PT","HU",FALSE
"RO","HU",TRUE
"RU","HU",FALSE
"SM","HU",FALSE
"RS","HU",TRUE
"SK","HU",TRUE
"SI","HU",FALSE
"ES","HU",FALSE
"SE","HU",FALSE
"CH","HU",TRUE
"UA","HU",TRUE
"GB","HU",FALSE
"AL","IS",FALSE
"AD","IS",FALSE
"AM","IS",FALSE
"AU","IS",FALSE
"AT","IS",FALSE
"AZ","IS",FALSE
"BY","IS",TRUE
"BE","IS",FALSE
"BG","IS",FALSE
"HR","IS",FALSE
"CY","IS",FALSE
"DK","IS",TRUE
"EE","IS",FALSE
"FI","IS",FALSE
"FR","IS",FALSE
"GE","IS",FALSE
"DE","IS",TRUE
"GR","IS",FALSE
"HU","IS",FALSE
"IE","IS",FALSE
"IL","IS",FALSE
"IT","IS",FALSE
"LV","IS",TRUE
"LT","IS",TRUE
"LU","IS",FALSE
"MT","IS",FALSE
"MD","IS",FALSE
"MC","IS",FALSE
"ME","IS",FALSE
"MA","IS",FALSE
"NL","IS",FALSE
"MK","IS",FALSE
"NO","IS",FALSE
"PL","IS",TRUE
"PT","IS",FALSE
"RO","IS",FALSE
"RU","IS",FALSE
"SM","IS",FALSE
"RS","IS",FALSE
"SK","IS",TRUE
"SI","IS",FALSE
"ES","IS",FALSE
"SE","IS",FALSE
"CH","IS",FALSE
"UA","IS",TRUE
"GB","IS",FALSE
"AL","IE",FALSE
"AD","IE",FALSE
"AM","IE",FALSE
"AU","IE",TRUE
"AT","IE",FALSE
"AZ","IE",FALSE
"BY","IE",FALSE
"BE","IE",FALSE
"BG","IE",FALSE
"HR","IE",FALSE
"CY","IE",FALSE
"DK","IE",FALSE
"EE","IE",FALSE
"FI","IE",FALSE
"FR","IE",TRUE
"GE","IE",FALSE
"DE","IE",FALSE
"GR","IE",FALSE
"HU","IE",FALSE
"IS","IE",FALSE
"IL","IE",FALSE
"IT","IE",FALSE
"LV","IE",FALSE
"LT","IE",FALSE
"LU","IE",FALSE
"MT","IE",FALSE
"MD","IE",FALSE
"MC","IE",FALSE
"ME","IE",FALSE
"MA","IE",FALSE
"NL","IE",FALSE
"MK","IE",FALSE
"NO","IE",FALSE
"PL","IE",FALSE
"PT","IE",FALSE
"RO","IE",FALSE
"RU","IE",FALSE
"SM","IE",FALSE
"RS","IE",FALSE
"SK","IE",FALSE
"SI","IE",FALSE
"ES","IE",FALSE
"SE","IE",FALSE
"CH","IE",FALSE
"UA","IE",FALSE
"GB","IE",TRUE
"AL","IL",FALSE
"AD","IL",FALSE
"AM","IL",FALSE
"AU","IL",FALSE
"AT","IL",FALSE
"AZ","IL",FALSE
"BY","IL",FALSE
"BE","IL",FALSE
"BG","IL",FALSE
"HR","IL",FALSE
"CY","IL",FALSE
"DK","IL",FALSE
"EE","IL",FALSE
"FI","IL",FALSE
"FR","IL",FALSE
"GE","IL",FALSE
"DE","IL",FALSE
"GR","IL",FALSE
"HU","IL",FALSE
"IS","IL",FALSE
"IE","IL",FALSE
"IT","IL",FALSE
"LV","IL",FALSE
"LT","IL",FALSE
"LU","IL",FALSE
"MT","IL",FALSE
"MD","IL",FALSE
"MC","IL",FALSE
"ME","IL",FALSE
"MA","IL",FALSE
"NL","IL",FALSE
"MK","IL",FALSE
"NO","IL",FALSE
"PL","IL",FALSE
"PT","IL",FALSE
"RO","IL",FALSE
"RU","IL",FALSE
"SM","IL",FALSE
"RS","IL",FALSE
"SK","IL",FALSE
"SI","IL",FALSE
"ES","IL",FALSE
"SE","IL",FALSE
"CH","IL",FALSE
"UA","IL",TRUE
"GB","IL",FALSE
"AL","IT",FALSE
"AD","IT",TRUE
"AM","IT",FALSE
"AU","IT",TRUE
"AT","IT",TRUE
"AZ","IT",FALSE
"BY","IT",FALSE
"BE","IT",TRUE
"BG","IT",FALSE
"HR","IT",FALSE
"CY","IT",FALSE
"DK","IT",TRUE
"EE","IT",FALSE
"FI","IT",FALSE
"FR","IT",FALSE
"GE","IT",FALSE
"DE","IT",TRUE
"GR","IT",FALSE
"HU","IT",TRUE
"IS","IT",FALSE
"IE","IT",FALSE
"IL","IT",FALSE
"LV","IT",FALSE
"LT","IT",FALSE
"LU","IT",TRUE
"MT","IT",TRUE
"MD","IT",FALSE
"MC","IT",TRUE
"ME","IT",FALSE
"MA","IT",FALSE
"NL","IT",FALSE
"MK","IT",FALSE
"NO","IT",FALSE
"PL","IT",TRUE
"PT","IT",FALSE
"RO","IT",TRUE
"RU","IT",FALSE
"SM","IT",TRUE
"RS","IT",FALSE
"SK","IT",TRUE
"SI","IT",FALSE
"ES","IT",FALSE
"SE","IT",FALSE
"CH","IT",TRUE
"UA","IT",FALSE
"GB","IT",FALSE
"AL","LV",FALSE
"AD","LV",FALSE
"AM","LV",FALSE
"AU","LV",FALSE
"AT","LV",FALSE
"AZ","LV",TRUE
"BY","LV",TRUE
"BE","LV",FALSE
"BG","LV",TRUE
"HR","LV",FALSE
"CY","LV",FALSE
"DK","LV",TRUE
"EE","LV",TRUE
"FI","LV",TRUE
"FR","LV",FALSE
"GE","LV",TRUE
"DE","LV",TRUE
"GR","LV",FALSE
"HU","LV",FALSE
"IS","LV",TRUE
"IE","LV",FALSE
"IL","LV",FALSE
"IT","LV",FALSE
"LT","LV",TRUE
"LU","LV",FALSE
"MT","LV",FALSE
"MD","LV",TRUE
"MC","LV",TRUE
"ME","LV",FALSE
"MA","LV",FALSE
"NL","LV",FALSE
"MK","LV",FALSE
"NO","LV",FALSE
"PL","LV",TRUE
"PT","LV",FALSE
"RO","LV",TRUE
"RU","LV",TRUE
"SM","LV",FALSE
"RS","LV",FALSE
"SK","LV",TRUE
"SI","LV",FALSE
"ES","LV",FALSE
"SE","LV",FALSE
"CH","LV",FALSE
"UA","LV",TRUE
"GB","LV",FALSE
"AL","LT",FALSE
"AD","LT",FALSE
"AM","LT",FALSE
"AU","LT",FALSE
"AT","LT",FALSE
"AZ","LT",TRUE
"BY","LT",TRUE
"BE","LT",FALSE
"BG","LT",TRUE
"HR","LT",FALSE
"CY","LT",FALSE
"DK","LT",TRUE
"EE","LT",TRUE
"FI","LT",TRUE
"FR","LT",FALSE
"GE","LT",TRUE
"DE","LT",TRUE
"GR","LT",FALSE
"HU","LT",FALSE
"IS","LT",TRUE
"IE","LT",FALSE
"IL","LT",FALSE
"IT","LT",FALSE
"LV","LT",TRUE
"LU","LT",FALSE
"MT","LT",FALSE
"MD","LT",TRUE
"MC","LT",TRUE
"ME","LT",FALSE
"MA","LT",FALSE
"NL","LT",FALSE
"MK","LT",FALSE
"NO","LT",FALSE
"PL","LT",TRUE
"PT","LT",FALSE
"RO","LT",FALSE
"RU","LT",TRUE
"SM","LT",FALSE
"RS","LT",FALSE
"SK","LT",TRUE
"SI","LT",FALSE
"ES","LT",FALSE
"SE","LT",FALSE
"CH","LT",FALSE
"UA","LT",TRUE
"GB","LT",FALSE
"AL","LU",FALSE
"AD","LU",TRUE
"AM","LU",FALSE
"AU","LU",TRUE
"AT","LU",TRUE
"AZ","LU",FALSE
"BY","LU",FALSE
"BE","LU",TRUE
"BG","LU",FALSE
"HR","LU",FALSE
"CY","LU",FALSE
"DK","LU",TRUE
"EE","LU",FALSE
"FI","LU",FALSE
"FR","LU",FALSE
"GE","LU",FALSE
"DE","LU",TRUE
"GR","LU",FALSE
"HU","LU",TRUE
"IS","LU",FALSE
"IE","LU",FALSE
"IL","LU",FALSE
"IT","LU",TRUE
"LV","LU",FALSE
"LT","LU",FALSE
"MT","LU",TRUE
"MD","LU",FALSE
"MC","LU",TRUE
"ME","LU",FALSE
"MA","LU",FALSE
"NL","LU",FALSE
"MK","LU",FALSE
"NO","LU",FALSE
"PL","LU",TRUE
"PT","LU",TRUE
"RO","LU",TRUE
"RU","LU",FALSE
"SM","LU",TRUE
"RS","LU",FALSE
"SK","LU",TRUE
"SI","LU",FALSE
"ES","LU",TRUE
"SE","LU",FALSE
"CH","LU",TRUE
"UA","LU",FALSE
"GB","LU",FALSE
"AL","MT",FALSE
"AD","MT",FALSE
"AM","MT",FALSE
"AU","MT",TRUE
"AT","MT",FALSE
"AZ","MT",FALSE
"BY","MT",FALSE
"BE","MT",TRUE
"BG","MT",FALSE
"HR","MT",FALSE
"CY","MT",FALSE
"DK","MT",FALSE
"EE","MT",FALSE
"FI","MT",FALSE
"FR","MT",FALSE
"GE","MT",FALSE
"DE","MT",FALSE
"GR","MT",FALSE
"HU","MT",FALSE
"IS","MT",FALSE
"IE","MT",FALSE
"IL","MT",FALSE
"IT","MT",TRUE
"LV","MT",FALSE
"LT","MT",FALSE
"LU","MT",TRUE
"MD","MT",FALSE
"MC","MT",TRUE
"ME","MT",FALSE
"MA","MT",FALSE
"NL","MT",FALSE
"MK","MT",FALSE
"NO","MT",FALSE
"PL","MT",FALSE
"PT","MT",FALSE
"RO","MT",FALSE
"RU","MT",FALSE
"SM","MT",TRUE
"RS","MT",FALSE
"SK","MT",FALSE
"SI","MT",FALSE
"ES","MT",FALSE
"SE","MT",FALSE
"CH","MT",TRUE
"UA","MT",FALSE
"GB","MT",FALSE
"AL","MD",FALSE
"AD","MD",FALSE
"AM","MD",FALSE
"AU","MD",FALSE
"AT","MD",TRUE
"AZ","MD",TRUE
"BY","MD",TRUE
"BE","MD",FALSE
"BG","MD",TRUE
"HR","MD",FALSE
"CY","MD",FALSE
"DK","MD",TRUE
"EE","MD",TRUE
"FI","MD",TRUE
"FR","MD",FALSE
"GE","MD",TRUE
"DE","MD",TRUE
"GR","MD",FALSE
"HU","MD",FALSE
"IS","MD",FALSE
"IE","MD",FALSE
"IL","MD",FALSE
"IT","MD",FALSE
"LV","MD",TRUE
"LT","MD",TRUE
"LU","MD",FALSE
"MT","MD",FALSE
"MC","MD",TRUE
"ME","MD",FALSE
"MA","MD",FALSE
"NL","MD",FALSE
"MK","MD",FALSE
"NO","MD",FALSE
"PL","MD",TRUE
"PT","MD",FALSE
"RO","MD",TRUE
"RU","MD",TRUE
"SM","MD",FALSE
"RS","MD",FALSE
"SK","MD",TRUE
"SI","MD",FALSE
"ES","MD",TRUE
"SE","MD",FALSE
"CH","MD",FALSE
"UA","MD",TRUE
"GB","MD",FALSE
"AL","MC",FALSE
"AD","MC",TRUE
"AM","MC",FALSE
"AU","MC",TRUE
"AT","MC",TRUE
"AZ","MC",TRUE
"BY","MC",TRUE
"BE","MC",TRUE
"BG","MC",TRUE
"HR","MC",FALSE
"CY","MC",FALSE
"DK","MC",TRUE
"EE","MC",TRUE
"FI","MC",TRUE
"FR","MC",TRUE
"GE","MC",TRUE
"DE","MC",TRUE
"GR","MC",FALSE
"HU","MC",TRUE
"IS","MC",FALSE
"IE","MC",FALSE
"IL","MC",FALSE
"IT","MC",TRUE
"LV","MC",TRUE
"LT","MC",TRUE
"LU","MC",TRUE
"MT","MC",TRUE
"MD","MC",TRUE
"ME","MC",FALSE
"MA","MC",FALSE
"NL","MC",TRUE
"MK","MC",FALSE
"NO","MC",FALSE
"PL","MC",TRUE
"PT","MC",FALSE
"RO","MC",TRUE
"RU","MC",TRUE
"SM","MC",TRUE
"RS","MC",FALSE
"SK","MC",TRUE
"SI","MC",FALSE
"ES","MC",TRUE
"SE","MC",FALSE
"CH","MC",TRUE
"UA","MC",TRUE
"GB","MC",TRUE
"AL","ME",TRUE
"AD","ME",FALSE
"AM","ME",FALSE
"AU","ME",FALSE
"AT","ME",TRUE
"AZ","ME",FALSE
"BY","ME",FALSE
"BE","ME",FALSE
"BG","ME",TRUE
"HR","ME",TRUE
"CY","ME",FALSE
"DK","ME",FALSE
"EE","ME",FALSE
"FI","ME",TRUE
"FR","ME",FALSE
"GE","ME",FALSE
"DE","ME",FALSE
"GR","ME",TRUE
"HU","ME",TRUE
"IS","ME",FALSE
"IE","ME",FALSE
"IL","ME",FALSE
"IT","ME",FALSE
"LV","ME",FALSE
"LT","ME",FALSE
"LU","ME",FALSE
"MT","ME",FALSE
"MD","ME",FALSE
"MC","ME",FALSE
"MA","ME",FALSE
"NL","ME",FALSE
"MK","ME",TRUE
"NO","ME",FALSE
"PL","ME",FALSE
"PT","ME",FALSE
"RO","ME",TRUE
"RU","ME",FALSE
"SM","ME",FALSE
"RS","ME",TRUE
"SK","ME",TRUE
"SI","ME",TRUE
"ES","ME",FALSE
"SE","ME",FALSE
"CH","ME",FALSE
"UA","ME",FALSE
"GB","ME",FALSE
"AL","MA",FALSE
"AD","MA",FALSE
"AM","MA",FALSE
"AU","MA",FALSE
"AT","MA",FALSE
"AZ","MA",FALSE
"BY","MA",FALSE
"BE","MA",FALSE
"BG","MA",FALSE
"HR","MA",FALSE
"CY","MA",FALSE
"DK","MA",FALSE
"EE","MA",FALSE
"FI","MA",FALSE
"FR","MA",FALSE
"GE","MA",FALSE
"DE","MA",FALSE
"GR","MA",FALSE
"HU","MA",FALSE
"IS","MA",FALSE
"IE","MA",FALSE
"IL","MA",FALSE
"IT","MA",FALSE
"LV","MA",FALSE
"LT","MA",FALSE
"LU","MA",FALSE
"MT","MA",FALSE
"MD","MA",FALSE
"MC","MA",FALSE
"ME","MA",FALSE
"NL","MA",FALSE
"MK","MA",FALSE
"NO","MA",FALSE
"PL","MA",FALSE
"PT","MA",FALSE
"RO","MA",FALSE
"RU","MA",FALSE
"SM","MA",FALSE
"RS","MA",FALSE
"SK","MA",FALSE
"SI","MA",FALSE
"ES","MA",FALSE
"SE","MA",FALSE
"CH","MA",FALSE
"UA","MA",FALSE
"GB","MA",FALSE
"AL","NL",FALSE
"AD","NL",FALSE
"AM","NL",FALSE
"AU","NL",FALSE
"AT","NL",TRUE
"AZ","NL",FALSE
"BY","NL",FALSE
"BE","NL",TRUE
"BG","NL",TRUE
"HR","NL",FALSE
"CY","NL",FALSE
"DK","NL",TRUE
"EE","NL",FALSE
"FI","NL",FALSE
"FR","NL",TRUE
"GE","NL",FALSE
"DE","NL",TRUE
"GR","NL",FALSE
"HU","NL",FALSE
"IS","NL",FALSE
"IE","NL",FALSE
"IL","NL",FALSE
"IT","NL",FALSE
"LV","NL",FALSE
"LT","NL",FALSE
"LU","NL",FALSE
"MT","NL",FALSE
"MD","NL",FALSE
"MC","NL",TRUE
"ME","NL",FALSE
"MA","NL",FALSE
"MK","NL",TRUE
"NO","NL",FALSE
"PL","NL",FALSE
"PT","NL",FALSE
"RO","NL",FALSE
"RU","NL",FALSE
"SM","NL",FALSE
"RS","NL",FALSE
"SK","NL",FALSE
"SI","NL",FALSE
"ES","NL",TRUE
"SE","NL",FALSE
"CH","NL",TRUE
"UA","NL",FALSE
"GB","NL",FALSE
"AL","MK",TRUE
"AD","MK",FALSE
"AM","MK",FALSE
"AU","MK",FALSE
"AT","MK",TRUE
"AZ","MK",FALSE
"BY","MK",FALSE
"BE","MK",TRUE
"BG","MK",TRUE
"HR","MK",TRUE
"CY","MK",FALSE
"DK","MK",TRUE
"EE","MK",FALSE
"FI","MK",TRUE
"FR","MK",FALSE
"GE","MK",FALSE
"DE","MK",TRUE
"GR","MK",TRUE
"HU","MK",TRUE
"IS","MK",FALSE
"IE","MK",FALSE
"IL","MK",FALSE
"IT","MK",FALSE
"LV","MK",FALSE
"LT","MK",FALSE
"LU","MK",FALSE
"MT","MK",FALSE
"MD","MK",FALSE
"MC","MK",FALSE
"ME","MK",TRUE
"MA","MK",FALSE
"NL","MK",TRUE
"NO","MK",FALSE
"PL","MK",FALSE
"PT","MK",FALSE
"RO","MK",TRUE
"RU","MK",FALSE
"SM","MK",FALSE
"RS","MK",TRUE
"SK","MK",TRUE
"SI","MK",TRUE
"ES","MK",FALSE
"SE","MK",FALSE
"CH","MK",TRUE
"UA","MK",FALSE
"GB","MK",FALSE
"AL","NO",FALSE
"AD","NO",FALSE
"AM","NO",FALSE
"AU","NO",FALSE
"AT","NO",FALSE
"AZ","NO",FALSE
"BY","NO",FALSE
"BE","NO",FALSE
"BG","NO",FALSE
"HR","NO",FALSE
"CY","NO",FALSE
"DK","NO",FALSE
"EE","NO",FALSE
"FI","NO",FALSE
"FR","NO",FALSE
"GE","NO",FALSE
"DE","NO",FALSE
"GR","NO",FALSE
"HU","NO",FALSE
"IS","NO",FALSE
"IE","NO",FALSE
"IL","NO",FALSE
"IT","NO",FALSE
"LV","NO",FALSE
"LT","NO",FALSE
"LU","NO",FALSE
"MT","NO",FALSE
"MD","NO",FALSE
"MC","NO",FALSE
"ME","NO",FALSE
"MA","NO",FALSE
"NL","NO",FALSE
"MK","NO",FALSE
"PL","NO",FALSE
"PT","NO",FALSE
"RO","NO",FALSE
"RU","NO",FALSE
"SM","NO",FALSE
"RS","NO",FALSE
"SK","NO",FALSE
"SI","NO",FALSE
"ES","NO",FALSE
"SE","NO",TRUE
"CH","NO",FALSE
"UA","NO",FALSE
"GB","NO",FALSE
"AL","PL",FALSE
"AD","PL",FALSE
"AM","PL",FALSE
"AU","PL",TRUE
"AT","PL",TRUE
"AZ","PL",FALSE
"BY","PL",TRUE
"BE","PL",FALSE
"BG","PL",FALSE
"HR","PL",FALSE
"CY","PL",FALSE
"DK","PL",TRUE
"EE","PL",TRUE
"FI","PL",FALSE
"FR","PL",FALSE
"GE","PL",TRUE
"DE","PL",TRUE
"GR","PL",FALSE
"HU","PL",TRUE
"IS","PL",TRUE
"IE","PL",FALSE
"IL","PL",FALSE
"IT","PL",TRUE
"LV","PL",TRUE
"LT","PL",TRUE
"LU","PL",TRUE
"MT","PL",FALSE
"MD","PL",TRUE
"MC","PL",TRUE
"ME","PL",FALSE
"MA","PL",FALSE
"NL","PL",FALSE
"MK","PL",FALSE
"NO","PL",FALSE
"PT","PL",FALSE
"RO","PL",TRUE
"RU","PL",TRUE
"SM","PL",FALSE
"RS","PL",FALSE
"SK","PL",TRUE
"SI","PL",FALSE
"ES","PL",FALSE
"SE","PL",FALSE
"CH","PL",TRUE
"UA","PL",TRUE
"GB","PL",FALSE
"AL","PT",FALSE
"AD","PT",TRUE
"AM","PT",FALSE
"AU","PT",TRUE
"AT","PT",FALSE
"AZ","PT",FALSE
"BY","PT",FALSE
"BE","PT",FALSE
"BG","PT",FALSE
"HR","PT",FALSE
"CY","PT",FALSE
"DK","PT",FALSE
"EE","PT",FALSE
"FI","PT",FALSE
"FR","PT",TRUE
"GE","PT",FALSE
"DE","PT",FALSE
"GR","PT",FALSE
"HU","PT",FALSE
"IS","PT",FALSE
"IE","PT",FALSE
"IL","PT",FALSE
"IT","PT",FALSE
"LV","PT",FALSE
"LT","PT",FALSE
"LU","PT",TRUE
"MT","PT",FALSE
"MD","PT",FALSE
"MC","PT",FALSE
"ME","PT",FALSE
"MA","PT",FALSE
"NL","PT",FALSE
"MK","PT",FALSE
"NO","PT",FALSE
"PL","PT",FALSE
"RO","PT",FALSE
"RU","PT",FALSE
"SM","PT",FALSE
"RS","PT",FALSE
"SK","PT",FALSE
"SI","PT",FALSE
"ES","PT",FALSE
"SE","PT",FALSE
"CH","PT",TRUE
"UA","PT",FALSE
"GB","PT",FALSE
"AL","RO",TRUE
"AD","RO",FALSE
"AM","RO",FALSE
"AU","RO",TRUE
"AT","RO",TRUE
"AZ","RO",FALSE
"BY","RO",TRUE
"BE","RO",FALSE
"BG","RO",TRUE
"HR","RO",TRUE
"CY","RO",FALSE
"DK","RO",TRUE
"EE","RO",TRUE
"FI","RO",TRUE
"FR","RO",FALSE
"GE","RO",TRUE
"DE","RO",TRUE
"GR","RO",FALSE
"HU","RO",TRUE
"IS","RO",FALSE
"IE","RO",FALSE
"IL","RO",FALSE
"IT","RO",TRUE
"LV","RO",TRUE
"LT","RO",FALSE
"LU","RO",TRUE
"MT","RO",FALSE
"MD","RO",TRUE
"MC","RO",TRUE
"ME","RO",TRUE
"MA","RO",FALSE
"NL","RO",FALSE
"MK","RO",TRUE
"NO","RO",FALSE
"PL","RO",TRUE
"PT","RO",FALSE
"RU","RO",TRUE
"SM","RO",FALSE
"RS","RO",TRUE
"SK","RO",TRUE
"SI","RO",FALSE
"ES","RO",TRUE
"SE","RO",FALSE
"CH","RO",TRUE
"UA","RO",TRUE
"GB","RO",FALSE
"AL","RU",FALSE
"AD","RU",FALSE
"AM","RU",FALSE
"AU","RU",FALSE
"AT","RU",FALSE
"AZ","RU",TRUE
"BY","RU",TRUE
"BE","RU",FALSE
"BG","RU",TRUE
"HR","RU",FALSE
"CY","RU",FALSE
"DK","RU",FALSE
"EE","RU",TRUE
"FI","RU",TRUE
"FR","RU",FALSE
"GE","RU",TRUE
"DE","RU",FALSE
"GR","RU",FALSE
"HU","RU",FALSE
"IS","RU",FALSE
"IE","RU",FALSE
"IL","RU",FALSE
"IT","RU",FALSE
"LV","RU",TRUE
"LT","RU",TRUE
"LU","RU",FALSE
"MT","RU",FALSE
"MD","RU",TRUE
"MC","RU",TRUE
"ME","RU",FALSE
"MA","RU",FALSE
"NL","RU",FALSE
"MK","RU",FALSE
"NO","RU",FALSE
"PL","RU",TRUE
"PT","RU",FALSE
"RO","RU",TRUE
"SM","RU",FALSE
"RS","RU",FALSE
"SK","RU",TRUE
"SI","RU",FALSE
"ES","RU",FALSE
"SE","RU",FALSE
"CH","RU",FALSE
"UA","RU",TRUE
"GB","RU",FALSE
"AL","SM",FALSE
"AD","SM",FALSE
"AM","SM",FALSE
"AU","SM",TRUE
"AT","SM",FALSE
"AZ","SM",FALSE
"BY","SM",FALSE
"BE","SM",TRUE
"BG","SM",FALSE
"HR","SM",FALSE
"CY","SM",FALSE
"DK","SM",FALSE
"EE","SM",FALSE
"FI","SM",FALSE
"FR","SM",FALSE
"GE","SM",FALSE
"DE","SM",FALSE
"GR","SM",FALSE
"HU","SM",FALSE
"IS","SM",FALSE
"IE","SM",FALSE
"IL","SM",FALSE
"IT","SM",TRUE
"LV","SM",FALSE
"LT","SM",FALSE
"LU","SM",TRUE
"MT","SM",TRUE
"MD","SM",FALSE
"MC","SM",TRUE
"ME","SM",FALSE
"MA","SM",FALSE
"NL","SM",FALSE
"MK","SM",FALSE
"NO","SM",FALSE
"PL","SM",FALSE
"PT","SM",FALSE
"RO","SM",FALSE
"RU","SM",FALSE
"RS","SM",FALSE
"SK","SM",FALSE
"SI","SM",FALSE
"ES","SM",FALSE
"SE","SM",FALSE
"CH","SM",TRUE
"UA","SM",FALSE
"GB","SM",FALSE
"AL","RS",TRUE
"AD","RS",FALSE
"AM","RS",FALSE
"AU","RS",FALSE
"AT","RS",FALSE
"AZ","RS",FALSE
"BY","RS",FALSE
"BE","RS",FALSE
"BG","RS",TRUE
"HR","RS",TRUE
"CY","RS",FALSE
"DK","RS",FALSE
"EE","RS",FALSE
"FI","RS",TRUE
"FR","RS",FALSE
"GE","RS",FALSE
"DE","RS",FALSE
"GR","RS",FALSE
"HU","RS",TRUE
"IS","RS",FALSE
"IE","RS",FALSE
"IL","RS",FALSE
"IT","RS",FALSE
"LV","RS",FALSE
"LT","RS",FALSE
"LU","RS",FALSE
"MT","RS",FALSE
"MD","RS",FALSE
"MC","RS",FALSE
"ME","RS",TRUE
"MA","RS",FALSE
"NL","RS",FALSE
"MK","RS",TRUE
"NO","RS",FALSE
"PL","RS",FALSE
"PT","RS",FALSE
"RO","RS",TRUE
"RU","RS",FALSE
"SM","RS",FALSE
"SK","RS",TRUE
"SI","RS",TRUE
"ES","RS",FALSE
"SE","RS",FALSE
"CH","RS",FALSE
"UA","RS",TRUE
"GB","RS",FALSE
"AL","SK",TRUE
"AD","SK",FALSE
"AM","SK",FALSE
"AU","SK",TRUE
"AT","SK",TRUE
"AZ","SK",TRUE
"BY","SK",TRUE
"BE","SK",FALSE
"BG","SK",TRUE
"HR","SK",TRUE
"CY","SK",FALSE
"DK","SK",TRUE
"EE","SK",TRUE
"FI","SK",TRUE
"FR","SK",FALSE
"GE","SK",TRUE
"DE","SK",TRUE
"GR","SK",FALSE
"HU","SK",TRUE
"IS","SK",TRUE
"IE","SK",FALSE
"IL","SK",FALSE
"IT","SK",TRUE
"LV","SK",TRUE
"LT","SK",TRUE
"LU","SK",TRUE
"MT","SK",FALSE
"MD","SK",TRUE
"MC","SK",TRUE
"ME","SK",TRUE
"MA","SK",FALSE
"NL","SK",FALSE
"MK","SK",TRUE
"NO","SK",FALSE
"PL","SK",TRUE
"PT","SK",FALSE
"RO","SK",TRUE
"RU","SK",TRUE
"SM","SK",FALSE
"RS","SK",TRUE
"SI","SK",FALSE
"ES","SK",FALSE
"SE","SK",FALSE
"CH","SK",TRUE
"UA","SK",TRUE
"GB","SK",FALSE
"AL","SI",FALSE
"AD","SI",FALSE
"AM","SI",FALSE
"AU","SI",FALSE
"AT","SI",FALSE
"AZ","SI",FALSE
"BY","SI",FALSE
"BE","SI",FALSE
"BG","SI",FALSE
"HR","SI",TRUE
"CY","SI",FALSE
"DK","SI",FALSE
"EE","SI",FALSE
"FI","SI",FALSE
"FR","SI",FALSE
"GE","SI",FALSE
"DE","SI",FALSE
"GR","SI",FALSE
"HU","SI",FALSE
"IS","SI",FALSE
"IE","SI",FALSE
"IL","SI",FALSE
"IT","SI",FALSE
"LV","SI",FALSE
"LT","SI",FALSE
"LU","SI",FALSE
"MT","SI",FALSE
"MD","SI",FALSE
"MC","SI",FALSE
"ME","SI",TRUE
"MA","SI",FALSE
"NL","SI",FALSE
"MK","SI",TRUE
"NO","SI",FALSE
"PL","SI",FALSE
"PT","SI",FALSE
"RO","SI",FALSE
"RU","SI",FALSE
"SM","SI",FALSE
"RS","SI",TRUE
"SK","SI",FALSE
"ES","SI",FALSE
"SE","SI",FALSE
"CH","SI",FALSE
"UA","SI",FALSE
"GB","SI",FALSE
"AL","ES",FALSE
"AD","ES",TRUE
"AM","ES",FALSE
"AU","ES",FALSE
"AT","ES",TRUE
"AZ","ES",FALSE
"BY","ES",FALSE
"BE","ES",TRUE
"BG","ES",FALSE
"HR","ES",FALSE
"CY","ES",FALSE
"DK","ES",TRUE
"EE","ES",FALSE
"FI","ES",FALSE
"FR","ES",TRUE
"GE","ES",FALSE
"DE","ES",TRUE
"GR","ES",FALSE
"HU","ES",FALSE
"IS","ES",FALSE
"IE","ES",FALSE
"IL","ES",FALSE
"IT","ES",FALSE
"LV","ES",FALSE
"LT","ES",FALSE
"LU","ES",TRUE
"MT","ES",FALSE
"MD","ES",TRUE
"MC","ES",TRUE
"ME","ES",FALSE
"MA","ES",FALSE
"NL","ES",TRUE
"MK","ES",FALSE
"NO","ES",FALSE
"PL","ES",FALSE
"PT","ES",FALSE
"RO","ES",TRUE
"RU","ES",FALSE
"SM","ES",FALSE
"RS","ES",FALSE
"SK","ES",FALSE
"SI","ES",FALSE
"SE","ES",FALSE
"CH","ES",FALSE
"UA","ES",TRUE
"GB","ES",FALSE
"AL","SE",FALSE
"AD","SE",FALSE
"AM","SE",FALSE
"AU","SE",FALSE
"AT","SE",FALSE
"AZ","SE",FALSE
"BY","SE",FALSE
"BE","SE",FALSE
"BG","SE",FALSE
"HR","SE",FALSE
"CY","SE",FALSE
"DK","SE",TRUE
"EE","SE",FALSE
"FI","SE",TRUE
"FR","SE",FALSE
"GE","SE",FALSE
"DE","SE",TRUE
"GR","SE",FALSE
"HU","SE",FALSE
"IS","SE",FALSE
"IE","SE",FALSE
"IL","SE",FALSE
"IT","SE",FALSE
"LV","SE",FALSE
"LT","SE",FALSE
"LU","SE",FALSE
"MT","SE",FALSE
"MD","SE",FALSE
"MC","SE",FALSE
"ME","SE",FALSE
"MA","SE",FALSE
"NL","SE",FALSE
"MK","SE",FALSE
"NO","SE",TRUE
"PL","SE",FALSE
"PT","SE",FALSE
"RO","SE",FALSE
"RU","SE",FALSE
"SM","SE",FALSE
"RS","SE",FALSE
"SK","SE",FALSE
"SI","SE",FALSE
"ES","SE",FALSE
"CH","SE",FALSE
"UA","SE",FALSE
"GB","SE",FALSE
"AL","CH",FALSE
"AD","CH",TRUE
"AM","CH",FALSE
"AU","CH",TRUE
"AT","CH",TRUE
"AZ","CH",FALSE
"BY","CH",FALSE
"BE","CH",TRUE
"BG","CH",TRUE
"HR","CH",FALSE
"CY","CH",FALSE
"DK","CH",TRUE
"EE","CH",FALSE
"FI","CH",FALSE
"FR","CH",FALSE
"GE","CH",FALSE
"DE","CH",TRUE
"GR","CH",FALSE
"HU","CH",TRUE
"IS","CH",FALSE
"IE","CH",FALSE
"IL","CH",FALSE
"IT","CH",TRUE
"LV","CH",FALSE
"LT","CH",FALSE
"LU","CH",TRUE
"MT","CH",TRUE
"MD","CH",FALSE
"MC","CH",TRUE
"ME","CH",FALSE
"MA","CH",FALSE
"NL","CH",TRUE
"MK","CH",TRUE
"NO","CH",FALSE
"PL","CH",TRUE
"PT","CH",TRUE
"RO","CH",TRUE
"RU","CH",FALSE
"SM","CH",TRUE
"RS","CH",FALSE
"SK","CH",TRUE
"SI","CH",FALSE
"ES","CH",FALSE
"SE","CH",FALSE
"UA","CH",FALSE
"GB","CH",FALSE
"AL","UA",FALSE
"AD","UA",FALSE
"AM","UA",FALSE
"AU","UA",FALSE
"AT","UA",TRUE
"AZ","UA",TRUE
"BY","UA",TRUE
"BE","UA",FALSE
"BG","UA",TRUE
"HR","UA",TRUE
"CY","UA",FALSE
"DK","UA",TRUE
"EE","UA",TRUE
"FI","UA",TRUE
"FR","UA",FALSE
"GE","UA",TRUE
"DE","UA",TRUE
"GR","UA",FALSE
"HU","UA",TRUE
"IS","UA",TRUE
"IE","UA",FALSE
"IL","UA",TRUE
"IT","UA",FALSE
"LV","UA",TRUE
"LT","UA",TRUE
"LU","UA",FALSE
"MT","UA",FALSE
"MD","UA",TRUE
"MC","UA",TRUE
"ME","UA",FALSE
"MA","UA",FALSE
"NL","UA",FALSE
"MK","UA",FALSE
"NO","UA",FALSE
"PL","UA",TRUE
"PT","UA",FALSE
"RO","UA",TRUE
"RU","UA",TRUE
"SM","UA",FALSE
"RS","UA",TRUE
"SK","UA",TRUE
"SI","UA",FALSE
"ES","UA",TRUE
"SE","UA",FALSE
"CH","UA",FALSE
"GB","UA",FALSE
"AL","GB",FALSE
"AD","GB",FALSE
"AM","GB",FALSE
"AU","GB",TRUE
"AT","GB",FALSE
"AZ","GB",FALSE
"BY","GB",FALSE
"BE","GB",FALSE
"BG","GB",FALSE
"HR","GB",FALSE
"CY","GB",FALSE
"DK","GB",FALSE
"EE","GB",FALSE
"FI","GB",FALSE
"FR","GB",TRUE
"GE","GB",FALSE
"DE","GB",FALSE
"GR","GB",FALSE
"HU","GB",FALSE
"IS","GB",FALSE
"IE","GB",TRUE
"IL","GB",FALSE
"IT","GB",FALSE
"LV","GB",FALSE
"LT","GB",FALSE
"LU","GB",FALSE
"MT","GB",FALSE
"MD","GB",FALSE
"MC","GB",TRUE
"ME","GB",FALSE
"MA","GB",FALSE
"NL","GB",FALSE
"MK","GB",FALSE
"NO","GB",FALSE
"PL","GB",FALSE
"PT","GB",FALSE
"RO","GB",FALSE
"RU","GB",FALSE
"SM","GB",FALSE
"RS","GB",FALSE
"SK","GB",FALSE
"SI","GB",FALSE
"ES","GB",FALSE
"SE","GB",FALSE
"CH","GB",FALSE
"UA","GB",FALSE
