"from_country","to_country","total_points"
"al","ad",10
"am","ad",0
"at","ad",12
"az","ad",5
"ba","ad",11
"be","ad",26
"bg","ad",17
"by","ad",29
"ch","ad",4
"cy","ad",14
"cz","ad",4
"de","ad",24
"dk","ad",5
"ee","ad",16
"es","ad",10
"fi","ad",36
"fr","ad",12
"gb","ad",14
"ge","ad",0
"gr","ad",21
"hr","ad",20
"hu","ad",7
"ie","ad",2
"il","ad",21
"is","ad",21
"lt","ad",16
"lv","ad",0
"mc","ad",12
"md","ad",6
"me","ad",12
"mk","ad",18
"mt","ad",6
"nl","ad",6
"no","ad",33
"pl","ad",14
"pt","ad",9
"ro","ad",26
"rs","ad",4
"ru","ad",23
"se","ad",23
"si","ad",10
"sm","ad",6
"tr","ad",1
"ua","ad",24
"ad","al",29
"al","al",7
"am","al",78
"at","al",99
"au","al",42
"az","al",97
"ba","al",24
"be","al",125
"bg","al",118
"by","al",91
"ch","al",156
"cy","al",89
"cz","al",67
"de","al",81
"dk","al",113
"ee","al",66
"es","al",134
"fi","al",97
"fr","al",95
"gb","al",89
"ge","al",63
"gr","al",97
"hr","al",69
"hu","al",95
"ie","al",87
"il","al",88
"is","al",132
"it","al",58
"lt","al",112
"lv","al",122
"mc","al",19
"md","al",116
"me","al",52
"mk","al",64
"mt","al",80
"nl","al",100
"no","al",81
"pl","al",86
"pt","al",142
"ro","al",65
"rs","al",110
"ru","al",77
"se","al",98
"si","al",119
"sk","al",0
"sm","al",43
"tr","al",10
"ua","al",49
"ad","am",17
"al","am",109
"at","am",79
"au","am",65
"az","am",74
"ba","am",56
"be","am",101
"bg","am",70
"by","am",56
"ch","am",62
"cy","am",109
"cz","am",53
"de","am",82
"dk","am",85
"ee","am",63
"es","am",102
"fi","am",149
"fr","am",76
"gb","am",98
"ge","am",66
"gr","am",97
"hr","am",104
"hu","am",57
"ie","am",104
"il","am",101
"is","am",101
"it","am",74
"lt","am",84
"lv","am",89
"mc","am",3
"md","am",69
"me","am",57
"mk","am",86
"mt","am",77
"nl","am",136
"no","am",79
"pl","am",59
"pt","am",53
"ro","am",110
"rs","am",54
"ru","am",60
"se","am",91
"si","am",75
"sk","am",13
"sm","am",73
"tr","am",42
"ua","am",62
"ad","at",7
"al","at",74
"am","at",66
"at","at",12
"au","at",19
"az","at",55
"ba","at",73
"be","at",166
"bg","at",44
"by","at",47
"ch","at",182
"cy","at",112
"cz","at",55
"de","at",191
"dk","at",144
"ee","at",68
"es","at",172
"fi","at",181
"fr","at",152
"gb","at",212
"ge","at",75
"gr","at",134
"hr","at",121
"hu","at",77
"ie","at",200
"il","at",110
"is","at",210
"it","at",181
"lt","at",105
"lu","at",70
"lv","at",79
"ma","at",8
"mc","at",55
"md","at",66
"me","at",28
"mk","at",86
"mt","at",93
"nl","at",191
"no","at",162
"pl","at",70
"pt","at",128
"ro","at",77
"rs","at",87
"ru","at",89
"se","at",189
"si","at",109
"sk","at",9
"sm","at",50
"tr","at",71
"ua","at",49
"yu","at",56
"al","au",56
"am","au",52
"at","au",47
"az","au",42
"ba","au",18
"be","au",63
"bg","au",49
"by","au",47
"ch","au",77
"cy","au",75
"cz","au",73
"de","au",57
"dk","au",66
"ee","au",40
"es","au",62
"fi","au",56
"fr","au",38
"gb","au",52
"ge","au",90
"gr","au",47
"hr","au",48
"hu","au",39
"ie","au",70
"il","au",69
"is","au",43
"it","au",85
"lt","au",37
"lv","au",43
"md","au",81
"me","au",64
"mk","au",64
"mt","au",89
"nl","au",51
"no","au",58
"pl","au",124
"pt","au",53
"ro","au",58
"rs","au",72
"ru","au",33
"se","au",90
"si","au",75
"sm","au",66
"ua","au",44
"ad","az",15
"al","az",89
"am","az",77
"at","az",71
"au","az",52
"ba","az",60
"be","az",119
"bg","az",91
"by","az",48
"ch","az",80
"cy","az",94
"cz","az",82
"de","az",113
"dk","az",90
"ee","az",67
"es","az",116
"fi","az",113
"fr","az",39
"gb","az",87
"ge","az",69
"gr","az",78
"hr","az",106
"hu","az",58
"ie","az",71
"il","az",88
"is","az",81
"it","az",86
"lt","az",70
"lv","az",82
"md","az",86
"me","az",67
"mk","az",80
"mt","az",71
"nl","az",112
"no","az",57
"pl","az",88
"pt","az",89
"ro","az",128
"rs","az",46
"ru","az",72
"se","az",129
"si","az",146
"sk","az",23
"sm","az",107
"tr","az",35
"ua","az",100
"ad","ba",13
"al","ba",35
"am","ba",26
"at","ba",46
"az","ba",43
"be","ba",78
"bg","ba",52
"by","ba",70
"ch","ba",55
"cy","ba",105
"cz","ba",28
"de","ba",73
"dk","ba",57
"ee","ba",85
"es","ba",91
"fi","ba",76
"fr","ba",89
"gb","ba",96
"ge","ba",37
"gr","ba",76
"hr","ba",95
"hu","ba",29
"ie","ba",82
"il","ba",74
"is","ba",68
"it","ba",22
"lt","ba",59
"lu","ba",2
"lv","ba",45
"mc","ba",12
"md","ba",29
"me","ba",39
"mk","ba",67
"mt","ba",145
"nl","ba",48
"no","ba",88
"pl","ba",59
"pt","ba",78
"ro","ba",29
"rs","ba",40
"ru","ba",49
"se","ba",105
"si","ba",95
"sk","ba",20
"sm","ba",30
"tr","ba",94
"ua","ba",40
"ad","be",32
"al","be",100
"am","be",106
"at","be",216
"au","be",105
"az","be",88
"ba","be",55
"be","be",1
"bg","be",69
"by","be",62
"ch","be",228
"cy","be",161
"cz","be",53
"de","be",233
"dk","be",220
"ee","be",134
"es","be",217
"fi","be",180
"fr","be",240
"gb","be",208
"ge","be",91
"gr","be",166
"hr","be",125
"hu","be",43
"ie","be",230
"il","be",176
"is","be",168
"it","be",212
"lt","be",85
"lu","be",145
"lv","be",71
"ma","be",10
"mc","be",65
"md","be",92
"me","be",63
"mk","be",114
"mt","be",105
"nl","be",193
"no","be",171
"pl","be",121
"pt","be",120
"ro","be",129
"rs","be",78
"ru","be",117
"se","be",209
"si","be",104
"sk","be",8
"sm","be",59
"tr","be",146
"ua","be",102
"yu","be",113
"ad","bg",18
"al","bg",57
"am","bg",98
"at","bg",29
"au","bg",27
"az","bg",59
"ba","bg",4
"be","bg",51
"by","bg",81
"ch","bg",98
"cy","bg",66
"cz","bg",36
"de","bg",59
"dk","bg",83
"ee","bg",73
"es","bg",61
"fi","bg",92
"fr","bg",70
"gb","bg",44
"ge","bg",44
"gr","bg",81
"hr","bg",46
"hu","bg",62
"ie","bg",64
"il","bg",69
"is","bg",62
"it","bg",40
"lt","bg",79
"lv","bg",93
"mc","bg",5
"md","bg",75
"me","bg",36
"mk","bg",66
"mt","bg",56
"nl","bg",82
"no","bg",56
"pl","bg",67
"pt","bg",29
"ro","bg",48
"rs","bg",50
"ru","bg",36
"se","bg",64
"si","bg",52
"sk","bg",10
"sm","bg",67
"tr","bg",54
"ua","bg",91
"ad","by",16
"al","by",87
"am","by",64
"at","by",81
"au","by",31
"az","by",30
"ba","by",36
"be","by",99
"bg","by",91
"ch","by",63
"cy","by",96
"cz","by",55
"de","by",103
"dk","by",65
"ee","by",59
"es","by",61
"fi","by",31
"fr","by",49
"gb","by",73
"ge","by",69
"gr","by",51
"hr","by",111
"hu","by",59
"ie","by",56
"il","by",78
"is","by",77
"it","by",39
"lt","by",93
"lv","by",82
"mc","by",5
"md","by",67
"me","by",43
"mk","by",102
"mt","by",56
"nl","by",60
"no","by",84
"pl","by",69
"pt","by",59
"ro","by",33
"rs","by",105
"ru","by",59
"se","by",69
"si","by",51
"sk","by",28
"sm","by",53
"tr","by",34
"ua","by",60
"ad","ch",30
"al","ch",93
"am","ch",72
"at","ch",275
"au","ch",17
"az","ch",66
"ba","ch",35
"be","ch",165
"bg","ch",59
"by","ch",74
"ch","ch",11
"cy","ch",149
"cz","ch",77
"de","ch",229
"dk","ch",177
"ee","ch",105
"es","ch",224
"fi","ch",197
"fr","ch",204
"gb","ch",223
"ge","ch",86
"gr","ch",162
"hr","ch",115
"hu","ch",32
"ie","ch",245
"il","ch",205
"is","ch",184
"it","ch",201
"lt","ch",98
"lu","ch",110
"lv","ch",81
"ma","ch",0
"mc","ch",81
"md","ch",73
"me","ch",44
"mk","ch",57
"mt","ch",86
"nl","ch",191
"no","ch",223
"pl","ch",101
"pt","ch",206
"ro","ch",70
"rs","ch",47
"ru","ch",79
"se","ch",183
"si","ch",73
"sk","ch",22
"sm","ch",36
"tr","ch",111
"ua","ch",98
"yu","ch",79
"ad","cy",10
"al","cy",69
"am","cy",52
"at","cy",179
"au","cy",68
"az","cy",119
"ba","cy",96
"be","cy",188
"bg","cy",88
"by","cy",66
"ch","cy",157
"cz","cy",88
"de","cy",171
"dk","cy",161
"ee","cy",116
"es","cy",184
"fi","cy",157
"fr","cy",174
"gb","cy",143
"ge","cy",94
"gr","cy",164
"hr","cy",150
"hu","cy",66
"ie","cy",187
"il","cy",182
"is","cy",171
"it","cy",103
"lt","cy",86
"lu","cy",27
"lv","cy",142
"mc","cy",30
"md","cy",84
"me","cy",50
"mk","cy",75
"mt","cy",126
"nl","cy",208
"no","cy",195
"pl","cy",91
"pt","cy",185
"ro","cy",111
"rs","cy",102
"ru","cy",124
"se","cy",208
"si","cy",119
"sk","cy",13
"sm","cy",83
"tr","cy",89
"ua","cy",89
"yu","cy",41
"ad","cz",10
"al","cz",81
"am","cz",96
"at","cz",68
"au","cz",71
"az","cz",77
"ba","cz",24
"be","cz",53
"bg","cz",57
"by","cz",28
"ch","cz",51
"cy","cz",72
"de","cz",55
"dk","cz",56
"ee","cz",77
"es","cz",63
"fi","cz",75
"fr","cz",96
"gb","cz",73
"ge","cz",109
"gr","cz",40
"hr","cz",32
"hu","cz",51
"ie","cz",38
"il","cz",73
"is","cz",84
"it","cz",64
"lt","cz",40
"lv","cz",61
"md","cz",62
"me","cz",80
"mk","cz",61
"mt","cz",69
"nl","cz",62
"no","cz",36
"pl","cz",68
"pt","cz",73
"ro","cz",31
"rs","cz",51
"ru","cz",16
"se","cz",68
"si","cz",44
"sm","cz",47
"tr","cz",5
"ua","cz",74
"ad","de",31
"al","de",80
"am","de",108
"at","de",159
"au","de",50
"az","de",90
"ba","de",58
"be","de",239
"bg","de",45
"by","de",68
"ch","de",244
"cy","de",170
"cz","de",54
"de","de",6
"dk","de",199
"ee","de",142
"es","de",253
"fi","de",195
"fr","de",203
"gb","de",182
"ge","de",103
"gr","de",166
"hr","de",113
"hu","de",75
"ie","de",181
"il","de",194
"is","de",158
"it","de",181
"lt","de",87
"lu","de",147
"lv","de",98
"ma","de",6
"mc","de",42
"md","de",84
"me","de",48
"mk","de",68
"mt","de",153
"nl","de",211
"no","de",274
"pl","de",110
"pt","de",153
"ro","de",135
"rs","de",80
"ru","de",103
"se","de",232
"si","de",139
"sk","de",2
"sm","de",91
"tr","de",115
"ua","de",70
"yu","de",103
"ad","dk",30
"al","dk",109
"am","dk",77
"at","dk",196
"au","dk",60
"az","dk",63
"ba","dk",62
"be","dk",169
"bg","dk",90
"by","dk",147
"ch","dk",183
"cy","dk",129
"cz","dk",46
"de","dk",147
"dk","dk",20
"ee","dk",92
"es","dk",139
"fi","dk",196
"fr","dk",166
"gb","dk",144
"ge","dk",80
"gr","dk",135
"hr","dk",162
"hu","dk",90
"ie","dk",163
"il","dk",150
"is","dk",154
"it","dk",176
"lt","dk",99
"lu","dk",65
"lv","dk",94
"ma","dk",12
"mc","dk",41
"md","dk",99
"me","dk",105
"mk","dk",72
"mt","dk",108
"nl","dk",215
"no","dk",193
"pl","dk",83
"pt","dk",154
"ro","dk",130
"rs","dk",112
"ru","dk",94
"se","dk",208
"si","dk",115
"sk","dk",22
"sm","dk",72
"tr","dk",119
"ua","dk",109
"yu","dk",62
"ad","ee",20
"al","ee",99
"am","ee",70
"at","ee",112
"au","ee",38
"az","ee",107
"ba","ee",76
"be","ee",155
"bg","ee",62
"by","ee",82
"ch","ee",106
"cy","ee",154
"cz","ee",81
"de","ee",128
"dk","ee",93
"es","ee",190
"fi","ee",119
"fr","ee",116
"gb","ee",113
"ge","ee",85
"gr","ee",149
"hr","ee",121
"hu","ee",118
"ie","ee",144
"il","ee",92
"is","ee",140
"it","ee",29
"lt","ee",71
"lv","ee",56
"mc","ee",20
"md","ee",137
"me","ee",55
"mk","ee",114
"mt","ee",152
"nl","ee",129
"no","ee",117
"pl","ee",75
"pt","ee",102
"ro","ee",100
"rs","ee",122
"ru","ee",122
"se","ee",133
"si","ee",82
"sk","ee",24
"sm","ee",76
"tr","ee",68
"ua","ee",52
"ad","es",8
"al","es",106
"am","es",131
"at","es",213
"au","es",65
"az","es",65
"ba","es",67
"be","es",235
"bg","es",59
"by","es",79
"ch","es",247
"cy","es",148
"cz","es",62
"de","es",238
"dk","es",198
"ee","es",118
"es","es",11
"fi","es",223
"fr","es",256
"gb","es",282
"ge","es",66
"gr","es",179
"hr","es",113
"hu","es",80
"ie","es",220
"il","es",241
"is","es",158
"it","es",122
"lt","es",84
"lu","es",94
"lv","es",84
"ma","es",3
"mc","es",59
"md","es",60
"me","es",80
"mk","es",115
"mt","es",188
"nl","es",178
"no","es",244
"pl","es",112
"pt","es",218
"ro","es",120
"rs","es",112
"ru","es",97
"se","es",235
"si","es",112
"sk","es",29
"sm","es",96
"tr","es",133
"ua","es",107
"yu","es",75
"ad","fi",37
"al","fi",80
"am","fi",85
"at","fi",190
"au","fi",43
"az","fi",81
"ba","fi",42
"be","fi",203
"bg","fi",96
"by","fi",51
"ch","fi",240
"cy","fi",216
"cz","fi",84
"de","fi",218
"dk","fi",175
"ee","fi",99
"es","fi",271
"fi","fi",10
"fr","fi",209
"gb","fi",244
"ge","fi",85
"gr","fi",199
"hr","fi",97
"hu","fi",84
"ie","fi",263
"il","fi",140
"is","fi",185
"it","fi",140
"lt","fi",107
"lu","fi",80
"lv","fi",61
"ma","fi",11
"mc","fi",36
"md","fi",105
"me","fi",69
"mk","fi",80
"mt","fi",142
"nl","fi",224
"no","fi",194
"pl","fi",96
"pt","fi",216
"ro","fi",79
"rs","fi",143
"ru","fi",78
"se","fi",194
"si","fi",102
"sk","fi",24
"sm","fi",71
"tr","fi",119
"ua","fi",54
"yu","fi",63
"ad","fr",38
"al","fr",162
"am","fr",77
"at","fr",209
"au","fr",93
"az","fr",74
"ba","fr",51
"be","fr",206
"bg","fr",48
"by","fr",61
"ch","fr",214
"cy","fr",166
"cz","fr",50
"de","fr",233
"dk","fr",220
"ee","fr",155
"es","fr",242
"fi","fr",239
"fr","fr",2
"gb","fr",284
"ge","fr",58
"gr","fr",228
"hr","fr",99
"hu","fr",52
"ie","fr",189
"il","fr",152
"is","fr",138
"it","fr",178
"lt","fr",84
"lu","fr",125
"lv","fr",89
"ma","fr",0
"mc","fr",70
"md","fr",99
"me","fr",84
"mk","fr",87
"mt","fr",143
"nl","fr",165
"no","fr",226
"pl","fr",101
"pt","fr",165
"ro","fr",109
"rs","fr",82
"ru","fr",77
"se","fr",253
"si","fr",116
"sk","fr",19
"sm","fr",81
"tr","fr",115
"ua","fr",60
"yu","fr",86
"ad","gb",7
"al","gb",98
"am","gb",68
"at","gb",189
"au","gb",56
"az","gb",78
"ba","gb",64
"be","gb",231
"bg","gb",92
"by","gb",41
"ch","gb",201
"cy","gb",153
"cz","gb",84
"de","gb",242
"dk","gb",221
"ee","gb",78
"es","gb",219
"fi","gb",197
"fr","gb",180
"gb","gb",10
"ge","gb",86
"gr","gb",215
"hr","gb",94
"hu","gb",64
"ie","gb",212
"il","gb",162
"is","gb",175
"it","gb",146
"lt","gb",114
"lu","gb",103
"lv","gb",104
"ma","gb",6
"mc","gb",74
"md","gb",103
"me","gb",61
"mk","gb",124
"mt","gb",141
"nl","gb",237
"no","gb",215
"pl","gb",117
"pt","gb",241
"ro","gb",98
"rs","gb",109
"ru","gb",105
"se","gb",271
"si","gb",106
"sk","gb",21
"sm","gb",64
"tr","gb",124
"ua","gb",77
"yu","gb",89
"ad","ge",19
"al","ge",114
"am","ge",41
"at","ge",45
"au","ge",38
"az","ge",42
"ba","ge",30
"be","ge",30
"bg","ge",68
"by","ge",66
"ch","ge",53
"cy","ge",37
"cz","ge",78
"de","ge",40
"dk","ge",65
"ee","ge",58
"es","ge",56
"fi","ge",38
"fr","ge",94
"gb","ge",107
"gr","ge",40
"hr","ge",35
"hu","ge",55
"ie","ge",55
"il","ge",39
"is","ge",45
"it","ge",63
"lt","ge",59
"lv","ge",78
"md","ge",37
"me","ge",43
"mk","ge",62
"mt","ge",37
"nl","ge",43
"no","ge",74
"pl","ge",80
"pt","ge",66
"ro","ge",28
"rs","ge",77
"ru","ge",37
"se","ge",70
"si","ge",43
"sk","ge",16
"sm","ge",80
"tr","ge",31
"ua","ge",40
"ad","gr",15
"al","gr",111
"am","gr",62
"at","gr",171
"au","gr",47
"az","gr",103
"ba","gr",85
"be","gr",189
"bg","gr",74
"by","gr",53
"ch","gr",222
"cy","gr",191
"cz","gr",61
"de","gr",218
"dk","gr",137
"ee","gr",134
"es","gr",206
"fi","gr",258
"fr","gr",225
"gb","gr",219
"ge","gr",117
"gr","gr",10
"hr","gr",146
"hu","gr",117
"ie","gr",145
"il","gr",201
"is","gr",127
"it","gr",102
"lt","gr",155
"lu","gr",51
"lv","gr",109
"ma","gr",2
"mc","gr",16
"md","gr",117
"me","gr",76
"mk","gr",161
"mt","gr",143
"nl","gr",202
"no","gr",208
"pl","gr",112
"pt","gr",163
"ro","gr",107
"rs","gr",120
"ru","gr",95
"se","gr",168
"si","gr",167
"sk","gr",40
"sm","gr",100
"tr","gr",133
"ua","gr",84
"yu","gr",21
"ad","hr",44
"al","hr",54
"am","hr",75
"at","hr",114
"au","hr",23
"az","hr",51
"ba","hr",83
"be","hr",120
"bg","hr",68
"by","hr",95
"ch","hr",129
"cy","hr",107
"cz","hr",38
"de","hr",115
"dk","hr",112
"ee","hr",114
"es","hr",162
"fi","hr",35
"fr","hr",117
"gb","hr",85
"ge","hr",73
"gr","hr",137
"hr","hr",17
"hu","hr",64
"ie","hr",133
"il","hr",120
"is","hr",107
"it","hr",63
"lt","hr",150
"lu","hr",0
"lv","hr",75
"mc","hr",14
"md","hr",55
"me","hr",46
"mk","hr",104
"mt","hr",158
"nl","hr",115
"no","hr",141
"pl","hr",71
"pt","hr",87
"ro","hr",80
"rs","hr",71
"ru","hr",89
"se","hr",135
"si","hr",126
"sk","hr",23
"sm","hr",49
"tr","hr",70
"ua","hr",62
"ad","hu",25
"al","hu",57
"am","hu",58
"at","hu",111
"au","hu",39
"az","hu",57
"ba","hu",30
"be","hu",73
"bg","hu",31
"by","hu",60
"ch","hu",96
"cy","hu",68
"cz","hu",45
"de","hu",94
"dk","hu",71
"ee","hu",120
"es","hu",70
"fi","hu",101
"fr","hu",85
"gb","hu",105
"ge","hu",78
"gr","hu",107
"hr","hu",108
"hu","hu",0
"ie","hu",67
"il","hu",67
"is","hu",130
"it","hu",36
"lt","hu",118
"lv","hu",92
"mc","hu",5
"md","hu",85
"me","hu",47
"mk","hu",73
"mt","hu",77
"nl","hu",109
"no","hu",140
"pl","hu",79
"pt","hu",70
"ro","hu",70
"rs","hu",64
"ru","hu",112
"se","hu",104
"si","hu",68
"sk","hu",16
"sm","hu",94
"tr","hu",21
"ua","hu",79
"ad","ie",9
"al","ie",59
"am","ie",49
"at","ie",172
"au","ie",27
"az","ie",59
"ba","ie",47
"be","ie",234
"bg","ie",76
"by","ie",75
"ch","ie",214
"cy","ie",115
"cz","ie",22
"de","ie",240
"dk","ie",145
"ee","ie",96
"es","ie",163
"fi","ie",149
"fr","ie",120
"gb","ie",209
"ge","ie",25
"gr","ie",134
"hr","ie",109
"hu","ie",69
"ie","ie",10
"il","ie",184
"is","ie",120
"it","ie",142
"lt","ie",89
"lu","ie",111
"lv","ie",82
"ma","ie",0
"mc","ie",66
"md","ie",47
"me","ie",56
"mk","ie",98
"mt","ie",107
"nl","ie",247
"no","ie",215
"pl","ie",102
"pt","ie",146
"ro","ie",118
"rs","ie",113
"ru","ie",143
"se","ie",206
"si","ie",161
"sk","ie",43
"sm","ie",37
"tr","ie",83
"ua","ie",73
"yu","ie",61
"ad","il",19
"al","il",118
"am","il",67
"at","il",137
"au","il",65
"az","il",91
"ba","il",47
"be","il",196
"bg","il",65
"by","il",80
"ch","il",234
"cy","il",126
"cz","il",57
"de","il",177
"dk","il",198
"ee","il",109
"es","il",178
"fi","il",168
"fr","il",223
"gb","il",206
"ge","il",68
"gr","il",181
"hr","il",116
"hu","il",96
"ie","il",218
"is","il",116
"it","il",137
"lt","il",148
"lu","il",85
"lv","il",137
"mc","il",21
"md","il",89
"me","il",94
"mk","il",115
"mt","il",143
"nl","il",188
"no","il",196
"pl","il",125
"pt","il",199
"ro","il",118
"rs","il",99
"ru","il",51
"se","il",215
"si","il",158
"sk","il",10
"sm","il",78
"tr","il",87
"ua","il",70
"yu","il",49
"ad","is",34
"al","is",85
"am","is",84
"at","is",170
"au","is",47
"az","is",76
"ba","is",100
"be","is",128
"bg","is",111
"by","is",55
"ch","is",121
"cy","is",128
"cz","is",61
"de","is",119
"dk","is",106
"ee","is",137
"es","is",181
"fi","is",190
"fr","is",125
"gb","is",135
"ge","is",44
"gr","is",173
"hr","is",129
"hu","is",68
"ie","is",93
"il","is",136
"is","is",4
"it","is",81
"lt","is",69
"lu","is",37
"lv","is",111
"mc","is",0
"md","is",88
"me","is",57
"mk","is",110
"mt","is",130
"nl","is",114
"no","is",148
"pl","is",116
"pt","is",226
"ro","is",104
"rs","is",69
"ru","is",90
"se","is",160
"si","is",87
"sk","is",18
"sm","is",124
"tr","is",146
"ua","is",67
"yu","is",8
"al","it",59
"am","it",67
"at","it",185
"au","it",47
"az","it",52
"ba","it",39
"be","it",165
"bg","it",56
"by","it",48
"ch","it",193
"cy","it",121
"cz","it",45
"de","it",153
"dk","it",129
"ee","it",80
"es","it",157
"fi","it",172
"fr","it",186
"gb","it",221
"ge","it",54
"gr","it",102
"hr","it",53
"hu","it",27
"ie","it",176
"il","it",126
"is","it",83
"it","it",16
"lt","it",47
"lu","it",112
"lv","it",71
"ma","it",0
"mc","it",74
"md","it",98
"me","it",63
"mk","it",89
"mt","it",92
"nl","it",124
"no","it",123
"pl","it",78
"pt","it",130
"ro","it",48
"rs","it",51
"ru","it",53
"se","it",192
"si","it",107
"sk","it",7
"sm","it",85
"tr","it",66
"ua","it",54
"yu","it",68
"ad","lt",9
"al","lt",110
"am","lt",91
"at","lt",129
"au","lt",58
"az","lt",96
"ba","lt",58
"be","lt",114
"bg","lt",85
"by","lt",59
"ch","lt",119
"cy","lt",120
"cz","lt",59
"de","lt",123
"dk","lt",141
"ee","lt",91
"es","lt",95
"fi","lt",83
"fr","lt",153
"gb","lt",118
"ge","lt",94
"gr","lt",105
"hr","lt",137
"hu","lt",61
"ie","lt",113
"il","lt",135
"is","lt",150
"it","lt",56
"lt","lt",0
"lv","lt",104
"mc","lt",5
"md","lt",73
"me","lt",55
"mk","lt",135
"mt","lt",99
"nl","lt",144
"no","lt",143
"pl","lt",109
"pt","lt",109
"ro","lt",71
"rs","lt",116
"ru","lt",119
"se","lt",77
"si","lt",147
"sk","lt",23
"sm","lt",62
"tr","lt",44
"ua","lt",91
"at","lu",99
"ba","lu",2
"be","lu",118
"ch","lu",58
"cy","lu",32
"de","lu",117
"dk","lu",68
"es","lu",105
"fi","lu",74
"fr","lu",135
"gb","lu",114
"gr","lu",72
"hr","lu",7
"ie","lu",107
"il","lu",55
"is","lu",6
"it","lu",93
"lu","lu",0
"ma","lu",12
"mc","lu",53
"mt","lu",16
"nl","lu",97
"no","lu",90
"pt","lu",91
"se","lu",111
"si","lu",0
"tr","lu",63
"yu","lu",72
"ad","lv",23
"al","lv",115
"am","lv",38
"at","lv",94
"au","lv",18
"az","lv",87
"ba","lv",57
"be","lv",84
"bg","lv",54
"by","lv",63
"ch","lv",94
"cy","lv",57
"cz","lv",43
"de","lv",72
"dk","lv",114
"ee","lv",59
"es","lv",83
"fi","lv",99
"fr","lv",117
"gb","lv",130
"ge","lv",62
"gr","lv",77
"hr","lv",82
"hu","lv",78
"ie","lv",93
"il","lv",53
"is","lv",81
"it","lv",67
"lt","lv",83
"lv","lv",23
"mc","lv",15
"md","lv",57
"me","lv",42
"mk","lv",81
"mt","lv",109
"nl","lv",74
"no","lv",158
"pl","lv",75
"pt","lv",54
"ro","lv",71
"rs","lv",38
"ru","lv",62
"se","lv",60
"si","lv",100
"sk","lv",6
"sm","lv",51
"tr","lv",47
"ua","lv",49
"at","ma",0
"be","ma",0
"ch","ma",0
"de","ma",3
"dk","ma",0
"es","ma",0
"fi","ma",7
"fr","ma",0
"gb","ma",6
"gr","ma",7
"ie","ma",0
"it","ma",7
"lu","ma",10
"nl","ma",7
"no","ma",6
"pt","ma",0
"se","ma",0
"tr","ma",0
"ad","mc",24
"al","mc",29
"am","mc",4
"at","mc",29
"ba","mc",14
"be","mc",92
"bg","mc",13
"by","mc",6
"ch","mc",56
"cy","mc",16
"de","mc",75
"dk","mc",29
"ee","mc",16
"es","mc",97
"fi","mc",52
"fr","mc",78
"gb","mc",72
"gr","mc",29
"hr","mc",1
"hu","mc",4
"ie","mc",59
"il","mc",27
"is","mc",0
"it","mc",41
"lt","mc",6
"lu","mc",49
"lv","mc",18
"mc","mc",3
"md","mc",10
"mk","mc",8
"mt","mc",23
"nl","mc",59
"no","mc",48
"pl","mc",0
"pt","mc",53
"ro","mc",11
"rs","mc",9
"ru","mc",1
"se","mc",38
"si","mc",19
"tr","mc",9
"ua","mc",22
"yu","mc",46
"ad","md",21
"al","md",108
"am","md",61
"at","md",99
"au","md",46
"az","md",69
"ba","md",45
"be","md",97
"bg","md",80
"by","md",81
"ch","md",123
"cy","md",118
"cz","md",78
"de","md",114
"dk","md",143
"ee","md",119
"es","md",122
"fi","md",132
"fr","md",99
"gb","md",80
"ge","md",115
"gr","md",159
"hr","md",102
"hu","md",80
"ie","md",75
"il","md",101
"is","md",101
"it","md",66
"lt","md",78
"lv","md",77
"mc","md",13
"md","md",0
"me","md",75
"mk","md",51
"mt","md",97
"nl","md",110
"no","md",92
"pl","md",95
"pt","md",105
"ro","md",85
"rs","md",109
"ru","md",82
"se","md",117
"si","md",85
"sk","md",20
"sm","md",75
"tr","md",31
"ua","md",88
"ad","me",17
"al","me",26
"am","me",41
"at","me",27
"au","me",31
"az","me",44
"ba","me",16
"be","me",61
"bg","me",15
"by","me",29
"ch","me",13
"cy","me",29
"cz","me",35
"de","me",37
"dk","me",17
"ee","me",32
"es","me",47
"fi","me",57
"fr","me",42
"gb","me",61
"ge","me",31
"gr","me",32
"hr","me",8
"hu","me",31
"ie","me",36
"il","me",63
"is","me",48
"it","me",26
"lt","me",28
"lv","me",43
"md","me",44
"mk","me",19
"mt","me",29
"nl","me",44
"no","me",19
"pl","me",44
"pt","me",53
"ro","me",38
"rs","me",42
"ru","me",57
"se","me",54
"si","me",79
"sm","me",52
"tr","me",13
"ua","me",35
"ad","mk",20
"al","mk",102
"am","mk",69
"at","mk",46
"au","mk",17
"az","mk",49
"ba","mk",58
"be","mk",97
"bg","mk",71
"by","mk",59
"ch","mk",49
"cy","mk",85
"cz","mk",51
"de","mk",93
"dk","mk",76
"ee","mk",80
"es","mk",52
"fi","mk",63
"fr","mk",80
"gb","mk",85
"ge","mk",68
"gr","mk",85
"hr","mk",98
"hu","mk",45
"ie","mk",101
"il","mk",90
"is","mk",54
"it","mk",19
"lt","mk",98
"lv","mk",96
"mc","mk",28
"md","mk",35
"me","mk",22
"mk","mk",19
"mt","mk",81
"nl","mk",75
"no","mk",86
"pl","mk",67
"pt","mk",73
"ro","mk",100
"rs","mk",56
"ru","mk",76
"se","mk",97
"si","mk",81
"sk","mk",13
"sm","mk",30
"tr","mk",45
"ua","mk",88
"ad","mt",15
"al","mt",72
"am","mt",57
"at","mt",101
"au","mt",33
"az","mt",46
"ba","mt",64
"be","mt",110
"bg","mt",54
"by","mt",71
"ch","mt",141
"cy","mt",141
"cz","mt",56
"de","mt",156
"dk","mt",88
"ee","mt",116
"es","mt",106
"fi","mt",141
"fr","mt",126
"gb","mt",131
"ge","mt",69
"gr","mt",119
"hr","mt",116
"hu","mt",104
"ie","mt",135
"il","mt",127
"is","mt",156
"it","mt",99
"lt","mt",129
"lu","mt",22
"lv","mt",84
"mc","mt",12
"md","mt",53
"me","mt",57
"mk","mt",130
"mt","mt",3
"nl","mt",195
"no","mt",114
"pl","mt",85
"pt","mt",104
"ro","mt",106
"rs","mt",43
"ru","mt",134
"se","mt",168
"si","mt",97
"sk","mt",22
"sm","mt",70
"tr","mt",100
"ua","mt",71
"yu","mt",20
"ad","nl",24
"al","nl",71
"am","nl",68
"at","nl",215
"au","nl",52
"az","nl",74
"ba","nl",77
"be","nl",184
"bg","nl",69
"by","nl",111
"ch","nl",183
"cy","nl",143
"cz","nl",51
"de","nl",217
"dk","nl",231
"ee","nl",170
"es","nl",176
"fi","nl",217
"fr","nl",192
"gb","nl",210
"ge","nl",74
"gr","nl",176
"hr","nl",116
"hu","nl",75
"ie","nl",194
"il","nl",185
"is","nl",110
"it","nl",187
"lt","nl",112
"lu","nl",122
"lv","nl",117
"ma","nl",0
"mc","nl",71
"md","nl",143
"me","nl",54
"mk","nl",94
"mt","nl",147
"nl","nl",5
"no","nl",179
"pl","nl",77
"pt","nl",134
"ro","nl",103
"rs","nl",84
"ru","nl",112
"se","nl",211
"si","nl",134
"sk","nl",39
"sm","nl",60
"tr","nl",111
"ua","nl",132
"yu","nl",65
"ad","no",16
"al","no",108
"am","no",110
"at","no",173
"au","no",56
"az","no",60
"ba","no",90
"be","no",242
"bg","no",87
"by","no",106
"ch","no",165
"cy","no",154
"cz","no",81
"de","no",259
"dk","no",186
"ee","no",93
"es","no",216
"fi","no",226
"fr","no",220
"gb","no",216
"ge","no",84
"gr","no",197
"hr","no",181
"hu","no",79
"ie","no",255
"il","no",219
"is","no",190
"it","no",184
"lt","no",103
"lu","no",98
"lv","no",107
"ma","no",12
"mc","no",66
"md","no",129
"me","no",73
"mk","no",107
"mt","no",182
"nl","no",273
"no","no",7
"pl","no",179
"pt","no",226
"ro","no",117
"rs","no",99
"ru","no",103
"se","no",259
"si","no",161
"sk","no",30
"sm","no",91
"tr","no",123
"ua","no",139
"yu","no",65
"ad","pl",23
"al","pl",89
"am","pl",61
"at","pl",55
"au","pl",60
"az","pl",64
"ba","pl",67
"be","pl",109
"bg","pl",48
"by","pl",72
"ch","pl",102
"cy","pl",131
"cz","pl",83
"de","pl",129
"dk","pl",125
"ee","pl",108
"es","pl",108
"fi","pl",113
"fr","pl",135
"gb","pl",113
"ge","pl",108
"gr","pl",97
"hr","pl",111
"hu","pl",55
"ie","pl",91
"il","pl",79
"is","pl",107
"it","pl",65
"lt","pl",108
"lv","pl",77
"mc","pl",15
"md","pl",71
"me","pl",96
"mk","pl",69
"mt","pl",64
"nl","pl",83
"no","pl",139
"pl","pl",0
"pt","pl",92
"ro","pl",91
"rs","pl",92
"ru","pl",94
"se","pl",94
"si","pl",119
"sk","pl",17
"sm","pl",112
"tr","pl",29
"ua","pl",38
"ad","pt",20
"al","pt",105
"am","pt",83
"at","pt",149
"au","pt",44
"az","pt",44
"ba","pt",27
"be","pt",228
"bg","pt",87
"by","pt",41
"ch","pt",220
"cy","pt",160
"cz","pt",99
"de","pt",166
"dk","pt",143
"ee","pt",125
"es","pt",174
"fi","pt",195
"fr","pt",229
"gb","pt",223
"ge","pt",67
"gr","pt",179
"hr","pt",129
"hu","pt",80
"ie","pt",158
"il","pt",150
"is","pt",135
"it","pt",90
"lt","pt",106
"lu","pt",78
"lv","pt",114
"ma","pt",0
"mc","pt",50
"md","pt",101
"me","pt",54
"mk","pt",105
"mt","pt",176
"nl","pt",164
"no","pt",172
"pl","pt",159
"pt","pt",9
"ro","pt",75
"rs","pt",104
"ru","pt",49
"se","pt",218
"si","pt",100
"sk","pt",8
"sm","pt",38
"tr","pt",170
"ua","pt",73
"yu","pt",66
"ad","ro",33
"al","ro",53
"am","ro",89
"at","ro",106
"au","ro",49
"az","ro",84
"ba","ro",51
"be","ro",97
"bg","ro",42
"by","ro",79
"ch","ro",96
"cy","ro",66
"cz","ro",52
"de","ro",135
"dk","ro",91
"ee","ro",98
"es","ro",87
"fi","ro",74
"fr","ro",109
"gb","ro",111
"ge","ro",72
"gr","ro",88
"hr","ro",87
"hu","ro",79
"ie","ro",119
"il","ro",126
"is","ro",56
"it","ro",77
"lt","ro",71
"lv","ro",129
"mc","ro",23
"md","ro",93
"me","ro",45
"mk","ro",80
"mt","ro",145
"nl","ro",103
"no","ro",132
"pl","ro",51
"pt","ro",86
"ro","ro",0
"rs","ro",85
"ru","ro",107
"se","ro",140
"si","ro",130
"sk","ro",12
"sm","ro",91
"tr","ro",55
"ua","ro",66
"ad","rs",17
"al","rs",130
"am","rs",48
"at","rs",93
"au","rs",69
"az","rs",68
"ba","rs",61
"be","rs",96
"bg","rs",48
"by","rs",94
"ch","rs",100
"cy","rs",125
"cz","rs",61
"de","rs",115
"dk","rs",125
"ee","rs",122
"es","rs",90
"fi","rs",114
"fr","rs",150
"gb","rs",114
"ge","rs",87
"gr","rs",104
"hr","rs",72
"hu","rs",73
"ie","rs",121
"il","rs",81
"is","rs",82
"it","rs",100
"lt","rs",141
"lv","rs",110
"mc","rs",8
"md","rs",122
"me","rs",81
"mk","rs",82
"mt","rs",125
"nl","rs",91
"no","rs",92
"pl","rs",132
"pt","rs",134
"ro","rs",72
"ru","rs",78
"se","rs",85
"si","rs",175
"sk","rs",27
"sm","rs",134
"tr","rs",52
"ua","rs",118
"ad","ru",30
"al","ru",110
"am","ru",45
"at","ru",76
"au","ru",60
"az","ru",72
"ba","ru",73
"be","ru",135
"bg","ru",40
"by","ru",54
"ch","ru",99
"cy","ru",104
"cz","ru",38
"de","ru",130
"dk","ru",108
"ee","ru",132
"es","ru",106
"fi","ru",143
"fr","ru",124
"gb","ru",84
"ge","ru",70
"gr","ru",93
"hr","ru",133
"hu","ru",84
"ie","ru",138
"il","ru",124
"is","ru",87
"it","ru",49
"lt","ru",115
"lv","ru",124
"mc","ru",30
"md","ru",103
"me","ru",78
"mk","ru",109
"mt","ru",113
"nl","ru",145
"no","ru",130
"pl","ru",111
"pt","ru",53
"ro","ru",69
"rs","ru",94
"ru","ru",17
"se","ru",93
"si","ru",109
"sk","ru",26
"sm","ru",69
"tr","ru",46
"ua","ru",62
"ad","se",34
"al","se",146
"am","se",147
"at","se",257
"au","se",74
"az","se",161
"ba","se",90
"be","se",244
"bg","se",77
"by","se",73
"ch","se",263
"cy","se",222
"cz","se",85
"de","se",246
"dk","se",243
"ee","se",113
"es","se",202
"fi","se",280
"fr","se",313
"gb","se",253
"ge","se",61
"gr","se",178
"hr","se",129
"hu","se",73
"ie","se",241
"il","se",201
"is","se",179
"it","se",225
"lt","se",98
"lu","se",96
"lv","se",108
"ma","se",0
"mc","se",62
"md","se",67
"me","se",86
"mk","se",119
"mt","se",224
"nl","se",302
"no","se",282
"pl","se",153
"pt","se",241
"ro","se",137
"rs","se",143
"ru","se",119
"se","se",29
"si","se",189
"sk","se",36
"sm","se",96
"tr","se",123
"ua","se",123
"yu","se",62
"ad","si",27
"al","si",40
"am","si",68
"at","si",73
"au","si",74
"az","si",81
"ba","si",50
"be","si",118
"bg","si",47
"by","si",68
"ch","si",117
"cy","si",122
"cz","si",33
"de","si",88
"dk","si",73
"ee","si",102
"es","si",110
"fi","si",120
"fr","si",96
"gb","si",89
"ge","si",49
"gr","si",90
"hr","si",147
"hu","si",57
"ie","si",117
"il","si",100
"is","si",100
"it","si",63
"lt","si",90
"lu","si",12
"lv","si",88
"mc","si",8
"md","si",114
"me","si",50
"mk","si",88
"mt","si",92
"nl","si",109
"no","si",128
"pl","si",140
"pt","si",132
"ro","si",76
"rs","si",86
"ru","si",86
"se","si",122
"sk","si",33
"sm","si",41
"tr","si",90
"ua","si",65
"al","sk",3
"at","sk",0
"az","sk",0
"ba","sk",29
"be","sk",11
"bg","sk",3
"by","sk",7
"ch","sk",12
"cy","sk",38
"de","sk",12
"dk","sk",12
"ee","sk",25
"es","sk",21
"fi","sk",16
"fr","sk",37
"gb","sk",18
"ge","sk",0
"gr","sk",11
"hr","sk",32
"hu","sk",20
"ie","sk",25
"il","sk",3
"is","sk",8
"it","sk",1
"lt","sk",0
"lv","sk",7
"md","sk",15
"mk","sk",14
"mt","sk",14
"nl","sk",7
"no","sk",8
"pl","sk",7
"pt","sk",18
"ro","sk",12
"rs","sk",2
"ru","sk",11
"se","sk",14
"si","sk",20
"sk","sk",0
"tr","sk",10
"ua","sk",8
"ad","sm",8
"al","sm",42
"am","sm",28
"at","sm",66
"au","sm",35
"az","sm",32
"ba","sm",7
"be","sm",49
"bg","sm",18
"by","sm",21
"ch","sm",34
"cy","sm",67
"cz","sm",40
"de","sm",62
"dk","sm",32
"ee","sm",44
"es","sm",59
"fi","sm",64
"fr","sm",59
"gb","sm",34
"ge","sm",73
"gr","sm",43
"hr","sm",33
"hu","sm",49
"ie","sm",48
"il","sm",31
"is","sm",65
"it","sm",29
"lt","sm",49
"lv","sm",33
"md","sm",46
"me","sm",56
"mk","sm",45
"mt","sm",65
"nl","sm",53
"no","sm",47
"pl","sm",50
"pt","sm",36
"ro","sm",75
"rs","sm",78
"ru","sm",35
"se","sm",51
"si","sm",51
"tr","sm",6
"ua","sm",59
"ad","tr",24
"al","tr",71
"am","tr",44
"at","tr",103
"az","tr",15
"ba","tr",64
"be","tr",107
"bg","tr",44
"by","tr",51
"ch","tr",119
"cy","tr",99
"cz","tr",11
"de","tr",135
"dk","tr",101
"ee","tr",107
"es","tr",142
"fi","tr",134
"fr","tr",168
"gb","tr",143
"ge","tr",20
"gr","tr",105
"hr","tr",49
"hu","tr",50
"ie","tr",85
"il","tr",111
"is","tr",91
"it","tr",53
"lt","tr",29
"lu","tr",81
"lv","tr",54
"ma","tr",2
"mc","tr",8
"md","tr",43
"me","tr",36
"mk","tr",67
"mt","tr",116
"nl","tr",140
"no","tr",104
"pl","tr",54
"pt","tr",159
"ro","tr",67
"rs","tr",60
"ru","tr",68
"se","tr",145
"si","tr",71
"sk","tr",31
"sm","tr",7
"ua","tr",55
"yu","tr",22
"ad","ua",21
"al","ua",117
"am","ua",139
"at","ua",72
"au","ua",64
"az","ua",80
"ba","ua",56
"be","ua",141
"bg","ua",111
"by","ua",120
"ch","ua",113
"cy","ua",97
"cz","ua",65
"de","ua",144
"dk","ua",99
"ee","ua",128
"es","ua",62
"fi","ua",102
"fr","ua",126
"gb","ua",99
"ge","ua",113
"gr","ua",76
"hr","ua",131
"hu","ua",64
"ie","ua",111
"il","ua",125
"is","ua",92
"it","ua",92
"lt","ua",130
"lv","ua",137
"mc","ua",16
"md","ua",141
"me","ua",82
"mk","ua",88
"mt","ua",94
"nl","ua",142
"no","ua",138
"pl","ua",90
"pt","ua",117
"ro","ua",101
"rs","ua",94
"ru","ua",94
"se","ua",108
"si","ua",165
"sk","ua",17
"sm","ua",86
"tr","ua",57
"ua","ua",12
"at","yu",92
"be","yu",69
"ch","yu",95
"cy","yu",39
"de","yu",45
"dk","yu",45
"es","yu",72
"fi","yu",89
"fr","yu",87
"gb","yu",68
"gr","yu",50
"ie","yu",81
"il","yu",37
"is","yu",43
"it","yu",72
"lu","yu",89
"mc","yu",23
"mt","yu",12
"nl","yu",80
"no","yu",53
"pt","yu",41
"se","yu",64
"tr","yu",71
"yu","yu",19
